date_id,full_date,year,month,day,quarter,season
0,1900-01-01,0,0,0,0,Unknown
20210402,2021-04-02,2021,4,2,2,Spring
20200306,2020-03-06,2020,3,6,1,Spring
20210219,2021-02-19,2021,2,19,1,Winter
20190308,2019-03-08,2019,3,8,1,Spring
20200529,2020-05-29,2020,5,29,2,Spring
20200521,2020-05-21,2020,5,21,2,Spring
20200417,2020-04-17,2020,4,17,2,Spring
20230208,2023-02-08,2023,2,8,1,Winter
20220603,2022-06-03,2022,6,3,2,Summer
20190607,2019-06-07,2019,6,7,2,Summer
20190207,2019-02-07,2019,2,7,1,Winter
20190416,2019-04-16,2019,4,16,2,Spring
20200313,2020-03-13,2020,3,13,1,Spring
20190920,2019-09-20,2019,9,20,3,Autumn
20190114,2019-01-14,2019,1,14,1,Winter
20250516,2025-05-16,2025,5,16,2,Spring
20180615,2018-06-15,2018,6,15,2,Summer
20190710,2019-07-10,2019,7,10,3,Summer
20200117,2020-01-17,2020,1,17,1,Winter
20200000,2020-01-01,2020,0,0,0,Unknown
20230519,2023-05-19,2023,5,19,2,Spring
20191230,2019-12-30,2019,12,30,4,Winter
20240621,2024-06-21,2024,6,21,2,Summer
20201225,2020-12-25,2020,12,25,4,Winter
20221104,2022-11-04,2022,11,4,4,Autumn
20190813,2019-08-13,2019,8,13,3,Summer
20200407,2020-04-07,2020,4,7,2,Spring
20240301,2024-03-01,2024,3,1,1,Spring
20181220,2018-12-20,2018,12,20,4,Winter
20181205,2018-12-05,2018,12,5,4,Winter
20181112,2018-11-12,2018,11,12,4,Autumn
20200124,2020-01-24,2020,1,24,1,Winter
20200610,2020-06-10,2020,6,10,2,Summer
20151117,2015-11-17,2015,11,17,4,Autumn
20150907,2015-09-07,2015,9,7,3,Autumn
20250502,2025-05-02,2025,5,2,2,Spring
20151126,2015-11-26,2015,11,26,4,Autumn
20151122,2015-11-22,2015,11,22,4,Autumn
20151102,2015-11-02,2015,11,2,4,Autumn
20160127,2016-01-27,2016,1,27,1,Winter
20250522,2025-05-22,2025,5,22,2,Spring
20151129,2015-11-29,2015,11,29,4,Autumn
20250505,2025-05-05,2025,5,5,2,Spring
20181211,2018-12-11,2018,12,11,4,Winter
20180306,2018-03-06,2018,3,6,1,Spring
20190524,2019-05-24,2019,5,24,2,Spring
20210528,2021-05-28,2021,5,28,2,Spring
20161024,2016-10-24,2016,10,24,4,Autumn
20190213,2019-02-13,2019,2,13,1,Winter
20180214,2018-02-14,2018,2,14,1,Winter
20211022,2021-10-22,2021,10,22,4,Autumn
20171013,2017-10-13,2017,10,13,4,Autumn
20240510,2024-05-10,2024,5,10,2,Spring
20191002,2019-10-02,2019,10,2,4,Autumn
20180607,2018-06-07,2018,6,7,2,Summer
20180622,2018-06-22,2018,6,22,2,Summer
20180423,2018-04-23,2018,4,23,2,Spring
20170313,2017-03-13,2017,3,13,1,Spring
20190110,2019-01-10,2019,1,10,1,Winter
20210430,2021-04-30,2021,4,30,2,Spring
20201112,2020-11-12,2020,11,12,4,Autumn
20191213,2019-12-13,2019,12,13,4,Winter
20200724,2020-07-24,2020,7,24,3,Summer
20240614,2024-06-14,2024,6,14,2,Summer
20210910,2021-09-10,2021,9,10,3,Autumn
20220624,2022-06-24,2022,6,24,2,Summer
20200315,2020-03-15,2020,3,15,1,Spring
20240223,2024-02-23,2024,2,23,1,Winter
20200624,2020-06-24,2020,6,24,2,Summer
20151113,2015-11-13,2015,11,13,4,Autumn
20191202,2019-12-02,2019,12,2,4,Winter
20250207,2025-02-07,2025,2,7,1,Winter
20240405,2024-04-05,2024,4,5,2,Spring
20200507,2020-05-07,2020,5,7,2,Spring
20250404,2025-04-04,2025,4,4,2,Spring
20230728,2023-07-28,2023,7,28,3,Summer
20241018,2024-10-18,2024,10,18,4,Autumn
20170910,2017-09-10,2017,9,10,3,Autumn
20250509,2025-05-09,2025,5,9,2,Spring
20240306,2024-03-06,2024,3,6,1,Spring
20190319,2019-03-19,2019,3,19,1,Spring
20200716,2020-07-16,2020,7,16,3,Summer
20230929,2023-09-29,2023,9,29,3,Autumn
20230512,2023-05-12,2023,5,12,2,Spring
20180426,2018-04-26,2018,4,26,2,Spring
20191011,2019-10-11,2019,10,11,4,Autumn
20210514,2021-05-14,2021,5,14,2,Spring
20210422,2021-04-22,2021,4,22,2,Spring
20240207,2024-02-07,2024,2,7,1,Winter
20191129,2019-11-29,2019,11,29,4,Autumn
20180308,2018-03-08,2018,3,8,1,Spring
20250530,2025-05-30,2025,5,30,2,Spring
20240216,2024-02-16,2024,2,16,1,Winter
20171014,2017-10-14,2017,10,14,4,Autumn
20181008,2018-10-08,2018,10,8,4,Autumn
20210419,2021-04-19,2021,4,19,2,Spring
20210901,2021-09-01,2021,9,1,3,Autumn
20190117,2019-01-17,2019,1,17,1,Winter
20220304,2022-03-04,2022,3,4,1,Spring
20220325,2022-03-25,2022,3,25,1,Spring
20220131,2022-01-31,2022,1,31,1,Winter
20230224,2023-02-24,2023,2,24,1,Winter
20220610,2022-06-10,2022,6,10,2,Summer
20221128,2022-11-28,2022,11,28,4,Autumn
20191120,2019-11-20,2019,11,20,4,Autumn
20170000,2017-01-01,2017,0,0,0,Unknown
20200519,2020-05-19,2020,5,19,2,Spring
20200314,2020-03-14,2020,3,14,1,Spring
20221007,2022-10-07,2022,10,7,4,Autumn
20160809,2016-08-09,2016,8,9,3,Summer
20220727,2022-07-27,2022,7,27,3,Summer
20160916,2016-09-16,2016,9,16,3,Autumn
20190429,2019-04-29,2019,4,29,2,Spring
20190410,2019-04-10,2019,4,10,2,Spring
20211225,2021-12-25,2021,12,25,4,Winter
20190323,2019-03-23,2019,3,23,1,Spring
20191108,2019-11-08,2019,11,8,4,Autumn
20181130,2018-11-30,2018,11,30,4,Autumn
20191115,2019-11-15,2019,11,15,4,Autumn
20200731,2020-07-31,2020,7,31,3,Summer
20190503,2019-05-03,2019,5,3,2,Spring
20180608,2018-06-08,2018,6,8,2,Summer
20180209,2018-02-09,2018,2,9,1,Winter
20170926,2017-09-26,2017,9,26,3,Autumn
20220715,2022-07-15,2022,7,15,3,Summer
20220930,2022-09-30,2022,9,30,3,Autumn
20241213,2024-12-13,2024,12,13,4,Winter
20230317,2023-03-17,2023,3,17,1,Spring
20180517,2018-05-17,2018,5,17,2,Spring
20220923,2022-09-23,2022,9,23,3,Autumn
20171000,2017-10-01,2017,10,0,4,Autumn
20190000,2019-01-01,2019,0,0,0,Unknown
20200423,2020-04-23,2020,4,23,2,Spring
20231215,2023-12-15,2023,12,15,4,Winter
20200320,2020-03-20,2020,3,20,1,Spring
20230907,2023-09-07,2023,9,7,3,Autumn
20191207,2019-12-07,2019,12,7,4,Winter
20200908,2020-09-08,2020,9,8,3,Autumn
20231031,2023-10-31,2023,10,31,4,Autumn
20210404,2021-04-04,2021,4,4,2,Spring
20230703,2023-07-03,2023,7,3,3,Summer
20180000,2018-01-01,2018,0,0,0,Unknown
20161224,2016-12-24,2016,12,24,4,Winter
20181031,2018-10-31,2018,10,31,4,Autumn
20201031,2020-10-31,2020,10,31,4,Autumn
20190711,2019-07-11,2019,7,11,3,Summer
20201003,2020-10-03,2020,10,3,4,Autumn
20180401,2018-04-01,2018,4,1,2,Spring
20200919,2020-09-19,2020,9,19,3,Autumn
20161117,2016-11-17,2016,11,17,4,Autumn
20210218,2021-02-18,2021,2,18,1,Winter
20190530,2019-05-30,2019,5,30,2,Spring
20210109,2021-01-09,2021,1,9,1,Winter
20161213,2016-12-13,2016,12,13,4,Winter
20150725,2015-07-25,2015,7,25,3,Summer
20180411,2018-04-11,2018,4,11,2,Spring
20180700,2018-07-01,2018,7,0,3,Summer
20201126,2020-11-26,2020,11,26,4,Autumn
20200916,2020-09-16,2020,9,16,3,Autumn
20201109,2020-11-09,2020,11,9,4,Autumn
20170502,2017-05-02,2017,5,2,2,Spring
20171031,2017-10-31,2017,10,31,4,Autumn
20170123,2017-01-23,2017,1,23,1,Winter
20201022,2020-10-22,2020,10,22,4,Autumn
20160902,2016-09-02,2016,9,2,3,Autumn
20220408,2022-04-08,2022,4,8,2,Spring
20201021,2020-10-21,2020,10,21,4,Autumn
20240326,2024-03-26,2024,3,26,1,Spring
20170311,2017-03-11,2017,3,11,1,Spring
20220000,2022-01-01,2022,0,0,0,Unknown
20231104,2023-11-04,2023,11,4,4,Autumn
20180614,2018-06-14,2018,6,14,2,Summer
20250000,2025-01-01,2025,0,0,0,Unknown
20221130,2022-11-30,2022,11,30,4,Autumn
20230901,2023-09-01,2023,9,1,3,Autumn
20230505,2023-05-05,2023,5,5,2,Spring
20240705,2024-07-05,2024,7,5,3,Summer
20220909,2022-09-09,2022,9,9,3,Autumn
20220905,2022-09-05,2022,9,5,3,Autumn
20240920,2024-09-20,2024,9,20,3,Autumn
20190301,2019-03-01,2019,3,1,1,Spring
20240227,2024-02-27,2024,2,27,1,Winter
20170407,2017-04-07,2017,4,7,2,Spring
20200717,2020-07-17,2020,7,17,3,Summer
20190927,2019-09-27,2019,9,27,3,Autumn
20240913,2024-09-13,2024,9,13,3,Autumn
20191004,2019-10-04,2019,10,4,4,Autumn
20170404,2017-04-04,2017,4,4,2,Spring
20170414,2017-04-14,2017,4,14,2,Spring
20190221,2019-02-21,2019,2,21,1,Winter
20180713,2018-07-13,2018,7,13,3,Summer
20161212,2016-12-12,2016,12,12,4,Winter
20220309,2022-03-09,2022,3,9,1,Spring
20171020,2017-10-20,2017,10,20,4,Autumn
20200701,2020-07-01,2020,7,1,3,Summer
20170227,2017-02-27,2017,2,27,1,Winter
20190212,2019-02-12,2019,2,12,1,Winter
20160816,2016-08-16,2016,8,16,3,Summer
20180321,2018-03-21,2018,3,21,1,Spring
20241127,2024-11-27,2024,11,27,4,Autumn
20230331,2023-03-31,2023,3,31,1,Spring
20221216,2022-12-16,2022,12,16,4,Winter
20170130,2017-01-30,2017,1,30,1,Winter
20141229,2014-12-29,2014,12,29,4,Winter
20170808,2017-08-08,2017,8,8,3,Summer
20161205,2016-12-05,2016,12,5,4,Winter
20160725,2016-07-25,2016,7,25,3,Summer
20161230,2016-12-30,2016,12,30,4,Winter
20220527,2022-05-27,2022,5,27,2,Spring
20170216,2017-02-16,2017,2,16,1,Winter
20230417,2023-04-17,2023,4,17,2,Spring
20200421,2020-04-21,2020,4,21,2,Spring
20211019,2021-10-19,2021,10,19,4,Autumn
20220505,2022-05-05,2022,5,5,2,Spring
20161125,2016-11-25,2016,11,25,4,Autumn
20171012,2017-10-12,2017,10,12,4,Autumn
20191225,2019-12-25,2019,12,25,4,Winter
20171218,2017-12-18,2017,12,18,4,Winter
20201125,2020-11-25,2020,11,25,4,Autumn
20211231,2021-12-31,2021,12,31,4,Winter
20120429,2012-04-29,2012,4,29,2,Spring
20130712,2013-07-12,2013,7,12,3,Summer
20121105,2012-11-05,2012,11,5,4,Autumn
20201012,2020-10-12,2020,10,12,4,Autumn
20121028,2012-10-28,2012,10,28,4,Autumn
20120617,2012-06-17,2012,6,17,2,Summer
20170331,2017-03-31,2017,3,31,1,Spring
20120120,2012-01-20,2012,1,20,1,Winter
20200328,2020-03-28,2020,3,28,1,Spring
20200406,2020-04-06,2020,4,6,2,Spring
20250606,2025-06-06,2025,6,6,2,Summer
20120827,2012-08-27,2012,8,27,3,Summer
20120000,2012-01-01,2012,0,0,0,Unknown
20150119,2015-01-19,2015,1,19,1,Winter
20170428,2017-04-28,2017,4,28,2,Spring
20170519,2017-05-19,2017,5,19,2,Spring
20190614,2019-06-14,2019,6,14,2,Summer
20200710,2020-07-10,2020,7,10,3,Summer
20171120,2017-11-20,2017,11,20,4,Autumn
20180525,2018-05-25,2018,5,25,2,Spring
20130917,2013-09-17,2013,9,17,3,Autumn
20170317,2017-03-17,2017,3,17,1,Spring
20210326,2021-03-26,2021,3,26,1,Spring
20210226,2021-02-26,2021,2,26,1,Winter
20230602,2023-06-02,2023,6,2,2,Summer
20180427,2018-04-27,2018,4,27,2,Spring
20200702,2020-07-02,2020,7,2,3,Summer
20190208,2019-02-08,2019,2,8,1,Winter
20160222,2016-02-22,2016,2,22,1,Winter
20230504,2023-05-04,2023,5,4,2,Spring
20201211,2020-12-11,2020,12,11,4,Winter
20190517,2019-05-17,2019,5,17,2,Spring
20250523,2025-05-23,2025,5,23,2,Spring
20200430,2020-04-30,2020,4,30,2,Spring
20230606,2023-06-06,2023,6,6,2,Summer
20130921,2013-09-21,2013,9,21,3,Autumn
20150127,2015-01-27,2015,1,27,1,Winter
20170309,2017-03-09,2017,3,9,1,Spring
20210512,2021-05-12,2021,5,12,2,Spring
20240419,2024-04-19,2024,4,19,2,Spring
20220630,2022-06-30,2022,6,30,2,Summer
20130513,2013-05-13,2013,5,13,2,Spring
20231122,2023-11-22,2023,11,22,4,Autumn
20160303,2016-03-03,2016,3,3,1,Spring
20250418,2025-04-18,2025,4,18,2,Spring
20171003,2017-10-03,2017,10,3,4,Autumn
20161114,2016-11-14,2016,11,14,4,Autumn
20220114,2022-01-14,2022,1,14,1,Winter
20250529,2025-05-29,2025,5,29,2,Spring
20181016,2018-10-16,2018,10,16,4,Autumn
20101012,2010-10-12,2010,10,12,4,Autumn
20060628,2006-06-28,2006,6,28,2,Summer
20080000,2008-01-01,2008,0,0,0,Unknown
20040000,2004-01-01,2004,0,0,0,Unknown
20170927,2017-09-27,2017,9,27,3,Autumn
20080415,2008-04-15,2008,4,15,2,Spring
20170921,2017-09-21,2017,9,21,3,Autumn
20110716,2011-07-16,2011,7,16,3,Summer
20170929,2017-09-29,2017,9,29,3,Autumn
20200815,2020-08-15,2020,8,15,3,Summer
20131221,2013-12-21,2013,12,21,4,Winter
20120619,2012-06-19,2012,6,19,2,Summer
20150702,2015-07-02,2015,7,2,3,Summer
20170526,2017-05-26,2017,5,26,2,Spring
20120511,2012-05-11,2012,5,11,2,Spring
20150925,2015-09-25,2015,9,25,3,Autumn
20161203,2016-12-03,2016,12,3,4,Winter
20080315,2008-03-15,2008,3,15,1,Spring
20240917,2024-09-17,2024,9,17,3,Autumn
20240517,2024-05-17,2024,5,17,2,Spring
20230421,2023-04-21,2023,4,21,2,Spring
20230209,2023-02-09,2023,2,9,1,Winter
20230714,2023-07-14,2023,7,14,3,Summer
20250124,2025-01-24,2025,1,24,1,Winter
20250307,2025-03-07,2025,3,7,1,Spring
20240125,2024-01-25,2024,1,25,1,Winter
20231110,2023-11-10,2023,11,10,4,Autumn
20220216,2022-02-16,2022,2,16,1,Winter
20240717,2024-07-17,2024,7,17,3,Summer
20220617,2022-06-17,2022,6,17,2,Summer
20211215,2021-12-15,2021,12,15,4,Winter
20170630,2017-06-30,2017,6,30,2,Summer
20200626,2020-06-26,2020,6,26,2,Summer
20130604,2013-06-04,2013,6,4,2,Summer
20210409,2021-04-09,2021,4,9,2,Spring
20150623,2015-06-23,2015,6,23,2,Summer
20230113,2023-01-13,2023,1,13,1,Winter
20180914,2018-09-14,2018,9,14,3,Autumn
20110610,2011-06-10,2011,6,10,2,Summer
20211210,2021-12-10,2021,12,10,4,Winter
20151125,2015-11-25,2015,11,25,4,Autumn
20180907,2018-09-07,2018,9,7,3,Autumn
20170922,2017-09-22,2017,9,22,3,Autumn
20170421,2017-04-21,2017,4,21,2,Spring
20250110,2025-01-10,2025,1,10,1,Winter
20190605,2019-06-05,2019,6,5,2,Summer
20200611,2020-06-11,2020,6,11,2,Summer
20150505,2015-05-05,2015,5,5,2,Spring
20130423,2013-04-23,2013,4,23,2,Spring
20201216,2020-12-16,2020,12,16,4,Winter
20170602,2017-06-02,2017,6,2,2,Summer
20150526,2015-05-26,2015,5,26,2,Spring
20190621,2019-06-21,2019,6,21,2,Summer
20110614,2011-06-14,2011,6,14,2,Summer
20150616,2015-06-16,2015,6,16,2,Summer
20210428,2021-04-28,2021,4,28,2,Spring
20150723,2015-07-23,2015,7,23,3,Summer
20110520,2011-05-20,2011,5,20,2,Spring
20181129,2018-11-29,2018,11,29,4,Autumn
20151127,2015-11-27,2015,11,27,4,Autumn
20060000,2006-01-01,2006,0,0,0,Unknown
20130405,2013-04-05,2013,4,5,2,Spring
20201127,2020-11-27,2020,11,27,4,Autumn
20180601,2018-06-01,2018,6,1,2,Summer
20180406,2018-04-06,2018,4,6,2,Spring
20180216,2018-02-16,2018,2,16,1,Winter
20091011,2009-10-11,2009,10,11,4,Autumn
20090000,2009-01-01,2009,0,0,0,Unknown
20181122,2018-11-22,2018,11,22,4,Autumn
20050411,2005-04-11,2005,4,11,2,Spring
20130510,2013-05-10,2013,5,10,2,Spring
20131126,2013-11-26,2013,11,26,4,Autumn
20190514,2019-05-14,2019,5,14,2,Spring
20171215,2017-12-15,2017,12,15,4,Winter
20250521,2025-05-21,2025,5,21,2,Spring
20101115,2010-11-15,2010,11,15,4,Autumn
20151106,2015-11-06,2015,11,6,4,Autumn
20131030,2013-10-30,2013,10,30,4,Autumn
20150000,2015-01-01,2015,0,0,0,Unknown
20081009,2008-10-09,2008,10,9,4,Autumn
20040430,2004-04-30,2004,4,30,2,Spring
20180223,2018-02-23,2018,2,23,1,Winter
20120320,2012-03-20,2012,3,20,1,Spring
20050000,2005-01-01,2005,0,0,0,Unknown
20050101,2005-01-01,2005,1,1,1,Winter
19990000,1999-01-01,1999,0,0,0,Unknown
20170405,2017-04-05,2017,4,5,2,Spring
20240226,2024-02-26,2024,2,26,1,Winter
20131118,2013-11-18,2013,11,18,4,Autumn
20171112,2017-11-12,2017,11,12,4,Autumn
20170224,2017-02-24,2017,2,24,1,Winter
20170324,2017-03-24,2017,3,24,1,Spring
20180201,2018-02-01,2018,2,1,1,Winter
20200703,2020-07-03,2020,7,3,3,Summer
20121126,2012-11-26,2012,11,26,4,Autumn
20150401,2015-04-01,2015,4,1,2,Spring
20140609,2014-06-09,2014,6,9,2,Summer
20201106,2020-11-06,2020,11,6,4,Autumn
20201023,2020-10-23,2020,10,23,4,Autumn
20200828,2020-08-28,2020,8,28,3,Summer
20170908,2017-09-08,2017,9,8,3,Autumn
20180817,2018-08-17,2018,8,17,3,Summer
20200911,2020-09-11,2020,9,11,3,Autumn
20230609,2023-06-09,2023,6,9,2,Summer
20231027,2023-10-27,2023,10,27,4,Autumn
20230707,2023-07-07,2023,7,7,3,Summer
20230407,2023-04-07,2023,4,7,2,Spring
20230908,2023-09-08,2023,9,8,3,Autumn
20180511,2018-05-11,2018,5,11,2,Spring
20231201,2023-12-01,2023,12,1,4,Winter
20230804,2023-08-04,2023,8,4,3,Summer
20240816,2024-08-16,2024,8,16,3,Summer
20241025,2024-10-25,2024,10,25,4,Autumn
20181024,2018-10-24,2018,10,24,4,Autumn
20200110,2020-01-10,2020,1,10,1,Winter
20190830,2019-08-30,2019,8,30,3,Summer
20161209,2016-12-09,2016,12,9,4,Winter
20201007,2020-10-07,2020,10,7,4,Autumn
20180413,2018-04-13,2018,4,13,2,Spring
20170609,2017-06-09,2017,6,9,2,Summer
20230721,2023-07-21,2023,7,21,3,Summer
20211203,2021-12-03,2021,12,3,4,Winter
20230310,2023-03-10,2023,3,10,1,Spring
20230526,2023-05-26,2023,5,26,2,Spring
20171018,2017-10-18,2017,10,18,4,Autumn
20170316,2017-03-16,2017,3,16,1,Spring
20180420,2018-04-20,2018,4,20,2,Spring
20160818,2016-08-18,2016,8,18,3,Summer
20170614,2017-06-14,2017,6,14,2,Summer
20210108,2021-01-08,2021,1,8,1,Winter
20170210,2017-02-10,2017,2,10,1,Winter
20210122,2021-01-22,2021,1,22,1,Winter
20161124,2016-11-24,2016,11,24,4,Autumn
20240503,2024-05-03,2024,5,3,2,Spring
20190620,2019-06-20,2019,6,20,2,Summer
20161003,2016-10-03,2016,10,3,4,Autumn
20161201,2016-12-01,2016,12,1,4,Winter
20241115,2024-11-15,2024,11,15,4,Autumn
20160513,2016-05-13,2016,5,13,2,Spring
20231013,2023-10-13,2023,10,13,4,Autumn
20181123,2018-11-23,2018,11,23,4,Autumn
20240308,2024-03-08,2024,3,8,1,Spring
20151218,2015-12-18,2015,12,18,4,Winter
20160610,2016-06-10,2016,6,10,2,Summer
20210416,2021-04-16,2021,4,16,2,Spring
20191122,2019-11-22,2019,11,22,4,Autumn
20210618,2021-06-18,2021,6,18,2,Summer
20250613,2025-06-13,2025,6,13,2,Summer
20220513,2022-05-13,2022,5,13,2,Spring
20140214,2014-02-14,2014,2,14,1,Winter
20130226,2013-02-26,2013,2,26,1,Winter
20140522,2014-05-22,2014,5,22,2,Spring
20191014,2019-10-14,2019,10,14,4,Autumn
20150715,2015-07-15,2015,7,15,3,Summer
20170830,2017-08-30,2017,8,30,3,Summer
20200327,2020-03-27,2020,3,27,1,Spring
20210119,2021-01-19,2021,1,19,1,Winter
20160601,2016-06-01,2016,6,1,2,Summer
20201202,2020-12-02,2020,12,2,4,Winter
20200319,2020-03-19,2020,3,19,1,Spring
20190122,2019-01-22,2019,1,22,1,Winter
20190412,2019-04-12,2019,4,12,2,Spring
20180814,2018-08-14,2018,8,14,3,Summer
20180403,2018-04-03,2018,4,3,2,Spring
20171129,2017-11-29,2017,11,29,4,Autumn
20180430,2018-04-30,2018,4,30,2,Spring
20170906,2017-09-06,2017,9,6,3,Autumn
20191022,2019-10-22,2019,10,22,4,Autumn
20231129,2023-11-29,2023,11,29,4,Autumn
20171206,2017-12-06,2017,12,6,4,Winter
20170315,2017-03-15,2017,3,15,1,Spring
20190304,2019-03-04,2019,3,4,1,Spring
20220722,2022-07-22,2022,7,22,3,Summer
20220509,2022-05-09,2022,5,9,2,Spring
20241129,2024-11-29,2024,11,29,4,Autumn
20170504,2017-05-04,2017,5,4,2,Spring
20170613,2017-06-13,2017,6,13,2,Summer
20170710,2017-07-10,2017,7,10,3,Summer
20170410,2017-04-10,2017,4,10,2,Spring
20230508,2023-05-08,2023,5,8,2,Spring
20240426,2024-04-26,2024,4,26,2,Spring
20170420,2017-04-20,2017,4,20,2,Spring
20170704,2017-07-04,2017,7,4,3,Summer
20240619,2024-06-19,2024,6,19,2,Summer
20240412,2024-04-12,2024,4,12,2,Spring
20140618,2014-06-18,2014,6,18,2,Summer
20170529,2017-05-29,2017,5,29,2,Spring
20160808,2016-08-08,2016,8,8,3,Summer
20160927,2016-09-27,2016,9,27,3,Autumn
20171222,2017-12-22,2017,12,22,4,Winter
20160711,2016-07-11,2016,7,11,3,Summer
20190603,2019-06-03,2019,6,3,2,Summer
20171114,2017-11-14,2017,11,14,4,Autumn
20170101,2017-01-01,2017,1,1,1,Winter
20180916,2018-09-16,2018,9,16,3,Autumn
20180921,2018-09-21,2018,9,21,3,Autumn
20180928,2018-09-28,2018,9,28,3,Autumn
20180613,2018-06-13,2018,6,13,2,Summer
20160511,2016-05-11,2016,5,11,2,Spring
20170110,2017-01-10,2017,1,10,1,Winter
20190510,2019-05-10,2019,5,10,2,Spring
20181221,2018-12-21,2018,12,21,4,Winter
20170501,2017-05-01,2017,5,1,2,Spring
20180821,2018-08-21,2018,8,21,3,Summer
20210129,2021-01-29,2021,1,29,1,Winter
20200508,2020-05-08,2020,5,8,2,Spring
20170307,2017-03-07,2017,3,7,1,Spring
20210611,2021-06-11,2021,6,11,2,Summer
20211015,2021-10-15,2021,10,15,4,Autumn
20180115,2018-01-15,2018,1,15,1,Winter
20240112,2024-01-12,2024,1,12,1,Winter
20250221,2025-02-21,2025,2,21,1,Winter
20220701,2022-07-01,2022,7,1,3,Summer
20240403,2024-04-03,2024,4,3,2,Spring
20160324,2016-03-24,2016,3,24,1,Spring
20201117,2020-11-17,2020,11,17,4,Autumn
20230424,2023-04-24,2023,4,24,2,Spring
20201124,2020-11-24,2020,11,24,4,Autumn
20230404,2023-04-04,2023,4,4,2,Spring
20190206,2019-02-06,2019,2,6,1,Winter
20220202,2022-02-02,2022,2,2,1,Winter
20200116,2020-01-16,2020,1,16,1,Winter
20200515,2020-05-15,2020,5,15,2,Spring
20210203,2021-02-03,2021,2,3,1,Winter
20180831,2018-08-31,2018,8,31,3,Summer
20190222,2019-02-22,2019,2,22,1,Winter
20210421,2021-04-21,2021,4,21,2,Spring
20231103,2023-11-03,2023,11,3,4,Autumn
20160122,2016-01-22,2016,1,22,1,Winter
20170714,2017-07-14,2017,7,14,3,Summer
20200408,2020-04-08,2020,4,8,2,Spring
20201009,2020-10-09,2020,10,9,4,Autumn
20210000,2021-01-01,2021,0,0,0,Unknown
20200413,2020-04-13,2020,4,13,2,Spring
20210420,2021-04-20,2021,4,20,2,Spring
20150327,2015-03-27,2015,3,27,1,Spring
20201030,2020-10-30,2020,10,30,4,Autumn
20020000,2002-01-01,2002,0,0,0,Unknown
20070126,2007-01-26,2007,1,26,1,Winter
19980000,1998-01-01,1998,0,0,0,Unknown
20020101,2002-01-01,2002,1,1,1,Winter
20201029,2020-10-29,2020,10,29,4,Autumn
20000000,2000-01-01,2000,0,0,0,Unknown
20120319,2012-03-19,2012,3,19,1,Spring
20161202,2016-12-02,2016,12,2,4,Winter
20211027,2021-10-27,2021,10,27,4,Autumn
19980101,1998-01-01,1998,1,1,1,Winter
19970000,1997-01-01,1997,0,0,0,Unknown
20120101,2012-01-01,2012,1,1,1,Winter
20120410,2012-04-10,2012,4,10,2,Spring
19990101,1999-01-01,1999,1,1,1,Winter
20070000,2007-01-01,2007,0,0,0,Unknown
20210928,2021-09-28,2021,9,28,3,Autumn
20180720,2018-07-20,2018,7,20,3,Summer
20181005,2018-10-05,2018,10,5,4,Autumn
20181212,2018-12-12,2018,12,12,4,Winter
20200522,2020-05-22,2020,5,22,2,Spring
20190111,2019-01-11,2019,1,11,1,Winter
20200131,2020-01-31,2020,1,31,1,Winter
20221223,2022-12-23,2022,12,23,4,Winter
20210205,2021-02-05,2021,2,5,1,Winter
20230216,2023-02-16,2023,2,16,1,Winter
20240126,2024-01-26,2024,1,26,1,Winter
20240712,2024-07-12,2024,7,12,3,Summer
20221024,2022-10-24,2022,10,24,4,Autumn
20220101,2022-01-01,2022,1,1,1,Winter
20170907,2017-09-07,2017,9,7,3,Autumn
20140117,2014-01-17,2014,1,17,1,Winter
20191204,2019-12-04,2019,12,4,4,Winter
20150428,2015-04-28,2015,4,28,2,Spring
20170310,2017-03-10,2017,3,10,1,Spring
20190315,2019-03-15,2019,3,15,1,Spring
20170303,2017-03-03,2017,3,3,1,Spring
20160211,2016-02-11,2016,2,11,1,Winter
20190419,2019-04-19,2019,4,19,2,Spring
20130503,2013-05-03,2013,5,3,2,Spring
20100606,2010-06-06,2010,6,6,2,Summer
20220429,2022-04-29,2022,4,29,2,Spring
20111219,2011-12-19,2011,12,19,4,Winter
20140428,2014-04-28,2014,4,28,2,Spring
20170207,2017-02-07,2017,2,7,1,Winter
20130528,2013-05-28,2013,5,28,2,Spring
20150107,2015-01-07,2015,1,7,1,Winter
20130521,2013-05-21,2013,5,21,2,Spring
20060429,2006-04-29,2006,4,29,2,Spring
20150727,2015-07-27,2015,7,27,3,Summer
20201221,2020-12-21,2020,12,21,4,Winter
20150101,2015-01-01,2015,1,1,1,Winter
20130101,2013-01-01,2013,1,1,1,Winter
20110101,2011-01-01,2011,1,1,1,Winter
20250328,2025-03-28,2025,3,28,1,Spring
20130903,2013-09-03,2013,9,3,3,Autumn
20210521,2021-05-21,2021,5,21,2,Spring
20150528,2015-05-28,2015,5,28,2,Spring
20191021,2019-10-21,2019,10,21,4,Autumn
20180410,2018-04-10,2018,4,10,2,Spring
20030000,2003-01-01,2003,0,0,0,Unknown
20160219,2016-02-19,2016,2,19,1,Winter
20220520,2022-05-20,2022,5,20,2,Spring
20070518,2007-05-18,2007,5,18,2,Spring
20030423,2003-04-23,2003,4,23,2,Spring
20101005,2010-10-05,2010,10,5,4,Autumn
20140909,2014-09-09,2014,9,9,3,Autumn
20090605,2009-06-05,2009,6,5,2,Summer
20120605,2012-06-05,2012,6,5,2,Summer
20060315,2006-03-15,2006,3,15,1,Spring
20120522,2012-05-22,2012,5,22,2,Spring
20140730,2014-07-30,2014,7,30,3,Summer
20100906,2010-09-06,2010,9,6,3,Autumn
20101003,2010-10-03,2010,10,3,4,Autumn
20100708,2010-07-08,2010,7,8,3,Summer
20140602,2014-06-02,2014,6,2,2,Summer
20120506,2012-05-06,2012,5,6,2,Spring
20121122,2012-11-22,2012,11,22,4,Autumn
20120424,2012-04-24,2012,4,24,2,Spring
20090505,2009-05-05,2009,5,5,2,Spring
20070517,2007-05-17,2007,5,17,2,Spring
20121127,2012-11-27,2012,11,27,4,Autumn
20110323,2011-03-23,2011,3,23,1,Spring
20130724,2013-07-24,2013,7,24,3,Summer
20110305,2011-03-05,2011,3,5,1,Spring
20110316,2011-03-16,2011,3,16,1,Spring
20110309,2011-03-09,2011,3,9,1,Spring
19950000,1995-01-01,1995,0,0,0,Unknown
19980620,1998-06-20,1998,6,20,2,Summer
19980720,1998-07-20,1998,7,20,3,Summer
19950707,1995-07-07,1995,7,7,3,Summer
20190303,2019-03-03,2019,3,3,1,Spring
20200221,2020-02-21,2020,2,21,1,Winter
20190802,2019-08-02,2019,8,2,3,Summer
20040901,2004-09-01,2004,9,1,3,Autumn
20100727,2010-07-27,2010,7,27,3,Summer
20150407,2015-04-07,2015,4,7,2,Spring
20220318,2022-03-18,2022,3,18,1,Spring
20040827,2004-08-27,2004,8,27,3,Summer
20140324,2014-03-24,2014,3,24,1,Spring
20140430,2014-04-30,2014,4,30,2,Spring
20020200,2002-02-01,2002,2,0,1,Winter
20100907,2010-09-07,2010,9,7,3,Autumn
20130205,2013-02-05,2013,2,5,1,Winter
20060526,2006-05-26,2006,5,26,2,Spring
20060606,2006-06-06,2006,6,6,2,Summer
20020201,2002-02-01,2002,2,1,1,Winter
20171113,2017-11-13,2017,11,13,4,Autumn
20071026,2007-10-26,2007,10,26,4,Autumn
20071109,2007-11-09,2007,11,9,4,Autumn
20110422,2011-04-22,2011,4,22,2,Spring
20191025,2019-10-25,2019,10,25,4,Autumn
20160906,2016-09-06,2016,9,6,3,Autumn
20160526,2016-05-26,2016,5,26,2,Spring
20121212,2012-12-12,2012,12,12,4,Winter
20220314,2022-03-14,2022,3,14,1,Spring
20171117,2017-11-17,2017,11,17,4,Autumn
20090320,2009-03-20,2009,3,20,1,Spring
20170623,2017-06-23,2017,6,23,2,Summer
20121030,2012-10-30,2012,10,30,4,Autumn
20090410,2009-04-10,2009,4,10,2,Spring
20061201,2006-12-01,2006,12,1,4,Winter
20100720,2010-07-20,2010,7,20,3,Summer
20160613,2016-06-13,2016,6,13,2,Summer
20100910,2010-09-10,2010,9,10,3,Autumn
20130202,2013-02-02,2013,2,2,1,Winter
20110318,2011-03-18,2011,3,18,1,Spring
20080509,2008-05-09,2008,5,9,2,Spring
20071005,2007-10-05,2007,10,5,4,Autumn
20241122,2024-11-22,2024,11,22,4,Autumn
20130329,2013-03-29,2013,3,29,1,Spring
20110222,2011-02-22,2011,2,22,1,Winter
20100504,2010-05-04,2010,5,4,2,Spring
20130222,2013-02-22,2013,2,22,1,Winter
20250513,2025-05-13,2025,5,13,2,Spring
20110000,2011-01-01,2011,0,0,0,Unknown
20171217,2017-12-17,2017,12,17,4,Winter
20180528,2018-05-28,2018,5,28,2,Spring
20120629,2012-06-29,2012,6,29,2,Summer
20060201,2006-02-01,2006,2,1,1,Winter
20200318,2020-03-18,2020,3,18,1,Spring
20040101,2004-01-01,2004,1,1,1,Winter
20100101,2010-01-01,2010,1,1,1,Winter
20060916,2006-09-16,2006,9,16,3,Autumn
20130125,2013-01-25,2013,1,25,1,Winter
20101224,2010-12-24,2010,12,24,4,Winter
20250411,2025-04-11,2025,4,11,2,Spring
20160000,2016-01-01,2016,0,0,0,Unknown
20200114,2020-01-14,2020,1,14,1,Winter
20151023,2015-10-23,2015,10,23,4,Autumn
20111217,2011-12-17,2011,12,17,4,Winter
20130927,2013-09-27,2013,9,27,3,Autumn
20211105,2021-11-05,2021,11,5,4,Autumn
20140217,2014-02-17,2014,2,17,1,Winter
20130625,2013-06-25,2013,6,25,2,Summer
20190418,2019-04-18,2019,4,18,2,Spring
20190329,2019-03-29,2019,3,29,1,Spring
20140325,2014-03-25,2014,3,25,1,Spring
20171121,2017-11-21,2017,11,21,4,Autumn
20200814,2020-08-14,2020,8,14,3,Summer
20141104,2014-11-04,2014,11,4,4,Autumn
20150904,2015-09-04,2015,9,4,3,Autumn
20171009,2017-10-09,2017,10,9,4,Autumn
20210604,2021-06-04,2021,6,4,2,Summer
20200603,2020-06-03,2020,6,3,2,Summer
20160504,2016-05-04,2016,5,4,2,Spring
20250425,2025-04-25,2025,4,25,2,Spring
20160304,2016-03-04,2016,3,4,1,Spring
20210924,2021-09-24,2021,9,24,3,Autumn
20141015,2014-10-15,2014,10,15,4,Autumn
20211101,2021-11-01,2021,11,1,4,Autumn
20160210,2016-02-10,2016,2,10,1,Winter
20151009,2015-10-09,2015,10,9,4,Autumn
20250212,2025-02-12,2025,2,12,1,Winter
20130323,2013-03-23,2013,3,23,1,Spring
20230928,2023-09-28,2023,9,28,3,Autumn
20240726,2024-07-26,2024,7,26,3,Summer
20161128,2016-11-28,2016,11,28,4,Autumn
20120904,2012-09-04,2012,9,4,3,Autumn
20121120,2012-11-20,2012,11,20,4,Autumn
20221230,2022-12-30,2022,12,30,4,Winter
20211127,2021-11-27,2021,11,27,4,Autumn
20220729,2022-07-29,2022,7,29,3,Summer
20070101,2007-01-01,2007,1,1,1,Winter
20090909,2009-09-09,2009,9,9,3,Autumn
20050127,2005-01-27,2005,1,27,1,Winter
20140319,2014-03-19,2014,3,19,1,Spring
20161104,2016-11-04,2016,11,4,4,Autumn
20080728,2008-07-28,2008,7,28,3,Summer
20140414,2014-04-14,2014,4,14,2,Spring
20140408,2014-04-08,2014,4,8,2,Spring
20160915,2016-09-15,2016,9,15,3,Autumn
20140422,2014-04-22,2014,4,22,2,Spring
20120229,2012-02-29,2012,2,29,1,Winter
20120206,2012-02-06,2012,2,6,1,Winter
20221202,2022-12-02,2022,12,2,4,Winter
20191111,2019-11-11,2019,11,11,4,Autumn
20221111,2022-11-11,2022,11,11,4,Autumn
20220623,2022-06-23,2022,6,23,2,Summer
20010000,2001-01-01,2001,0,0,0,Unknown
20120129,2012-01-29,2012,1,29,1,Winter
20051019,2005-10-19,2005,10,19,4,Autumn
20210115,2021-01-15,2021,1,15,1,Winter
20161225,2016-12-25,2016,12,25,4,Winter
20070216,2007-02-16,2007,2,16,1,Winter
20230705,2023-07-05,2023,7,5,3,Summer
20221125,2022-11-25,2022,11,25,4,Autumn
20211008,2021-10-08,2021,10,8,4,Autumn
20120126,2012-01-26,2012,1,26,1,Winter
20010101,2001-01-01,2001,1,1,1,Winter
20211112,2021-11-12,2021,11,12,4,Autumn
20071120,2007-11-20,2007,11,20,4,Autumn
20110416,2011-04-16,2011,4,16,2,Spring
20121109,2012-11-09,2012,11,9,4,Autumn
20121204,2012-12-04,2012,12,4,4,Winter
20051200,2005-12-01,2005,12,0,4,Winter
20090718,2009-07-18,2009,7,18,3,Summer
20131105,2013-11-05,2013,11,5,4,Autumn
20070220,2007-02-20,2007,2,20,1,Winter
20140213,2014-02-13,2014,2,13,1,Winter
20240607,2024-06-07,2024,6,7,2,Summer
20140101,2014-01-01,2014,1,1,1,Winter
20181030,2018-10-30,2018,10,30,4,Autumn
20120731,2012-07-31,2012,7,31,3,Summer
20130730,2013-07-30,2013,7,30,3,Summer
20210323,2021-03-23,2021,3,23,1,Spring
20100319,2010-03-19,2010,3,19,1,Spring
20180725,2018-07-25,2018,7,25,3,Summer
20141218,2014-12-18,2014,12,18,4,Winter
20200128,2020-01-28,2020,1,28,1,Winter
20191128,2019-11-28,2019,11,28,4,Autumn
20200601,2020-06-01,2020,6,1,2,Summer
20070619,2007-06-19,2007,6,19,2,Summer
20170608,2017-06-08,2017,6,8,2,Summer
20200918,2020-09-18,2020,9,18,3,Autumn
20160412,2016-04-12,2016,4,12,2,Spring
20131015,2013-10-15,2013,10,15,4,Autumn
20250131,2025-01-31,2025,1,31,1,Winter
20160422,2016-04-22,2016,4,22,2,Spring
20250127,2025-01-27,2025,1,27,1,Winter
20131029,2013-10-29,2013,10,29,4,Autumn
20160308,2016-03-08,2016,3,8,1,Spring
20180629,2018-06-29,2018,6,29,2,Summer
20160318,2016-03-18,2016,3,18,1,Spring
20141029,2014-10-29,2014,10,29,4,Autumn
20151029,2015-10-29,2015,10,29,4,Autumn
20160401,2016-04-01,2016,4,1,2,Spring
20190628,2019-06-28,2019,6,28,2,Summer
20181116,2018-11-16,2018,11,16,4,Autumn
20171019,2017-10-19,2017,10,19,4,Autumn
20200311,2020-03-11,2020,3,11,1,Spring
20160129,2016-01-29,2016,1,29,1,Winter
20180116,2018-01-16,2018,1,16,1,Winter
20200714,2020-07-14,2020,7,14,3,Summer
20221028,2022-10-28,2022,10,28,4,Autumn
20200410,2020-04-10,2020,4,10,2,Spring
20191206,2019-12-06,2019,12,6,4,Winter
20220128,2022-01-28,2022,1,28,1,Winter
20220506,2022-05-06,2022,5,6,2,Spring
20210806,2021-08-06,2021,8,6,3,Summer
20211119,2021-11-19,2021,11,19,4,Autumn
20230210,2023-02-10,2023,2,10,1,Winter
20180124,2018-01-24,2018,1,24,1,Winter
20180518,2018-05-18,2018,5,18,2,Spring
20180323,2018-03-23,2018,3,23,1,Spring
20190226,2019-02-26,2019,2,26,1,Winter
20230616,2023-06-16,2023,6,16,2,Summer
20140318,2014-03-18,2014,3,18,1,Spring
20150910,2015-09-10,2015,9,10,3,Autumn
20120928,2012-09-28,2012,9,28,3,Autumn
20180305,2018-03-05,2018,3,5,1,Spring
20170806,2017-08-06,2017,8,6,3,Summer
20151224,2015-12-24,2015,12,24,4,Winter
20120828,2012-08-28,2012,8,28,3,Summer
20101118,2010-11-18,2010,11,18,4,Autumn
20071012,2007-10-12,2007,10,12,4,Autumn
20110210,2011-02-10,2011,2,10,1,Winter
20160227,2016-02-27,2016,2,27,1,Winter
20111124,2011-11-24,2011,11,24,4,Autumn
20230120,2023-01-20,2023,1,20,1,Winter
20250314,2025-03-14,2025,3,14,1,Spring
20210702,2021-07-02,2021,7,2,3,Summer
20231006,2023-10-06,2023,10,6,4,Autumn
20230111,2023-01-11,2023,1,11,1,Winter
20180904,2018-09-04,2018,9,4,3,Autumn
20161011,2016-10-11,2016,10,11,4,Autumn
20200501,2020-05-01,2020,5,1,2,Spring
20240829,2024-08-29,2024,8,29,3,Summer
20160719,2016-07-19,2016,7,19,3,Summer
20181127,2018-11-27,2018,11,27,4,Autumn
20170728,2017-07-28,2017,7,28,3,Summer
20230220,2023-02-20,2023,2,20,1,Winter
20200425,2020-04-25,2020,4,25,2,Spring
20190726,2019-07-26,2019,7,26,3,Summer
20191127,2019-11-27,2019,11,27,4,Autumn
20201208,2020-12-08,2020,12,8,4,Winter
20250214,2025-02-14,2025,2,14,1,Winter
20201016,2020-10-16,2020,10,16,4,Autumn
20200520,2020-05-20,2020,5,20,2,Spring
20210423,2021-04-23,2021,4,23,2,Spring
20210916,2021-09-16,2021,9,16,3,Autumn
20220121,2022-01-21,2022,1,21,1,Winter
20211029,2021-10-29,2021,10,29,4,Autumn
20200429,2020-04-29,2020,4,29,2,Spring
20240830,2024-08-30,2024,8,30,3,Summer
20241205,2024-12-05,2024,12,5,4,Winter
20210625,2021-06-25,2021,6,25,2,Summer
20240129,2024-01-29,2024,1,29,1,Winter
20230607,2023-06-07,2023,6,7,2,Summer
20230517,2023-05-17,2023,5,17,2,Spring
20240328,2024-03-28,2024,3,28,1,Spring
20240119,2024-01-19,2024,1,19,1,Winter
20230202,2023-02-02,2023,2,2,1,Winter
20250107,2025-01-07,2025,1,7,1,Winter
20240208,2024-02-08,2024,2,8,1,Winter
20230630,2023-06-30,2023,6,30,2,Summer
20240322,2024-03-22,2024,3,22,1,Spring
20210608,2021-06-08,2021,6,8,2,Summer
20240615,2024-06-15,2024,6,15,2,Summer
20240402,2024-04-02,2024,4,2,2,Spring
20240618,2024-06-18,2024,6,18,2,Summer
20210210,2021-02-10,2021,2,10,1,Winter
20220423,2022-04-23,2022,4,23,2,Spring
20210524,2021-05-24,2021,5,24,2,Spring
20180119,2018-01-19,2018,1,19,1,Winter
20160909,2016-09-09,2016,9,9,3,Autumn
20201120,2020-11-20,2020,11,20,4,Autumn
20160901,2016-09-01,2016,9,1,3,Autumn
20201028,2020-10-28,2020,10,28,4,Autumn
20231117,2023-11-17,2023,11,17,4,Autumn
20151020,2015-10-20,2015,10,20,4,Autumn
20151123,2015-11-23,2015,11,23,4,Autumn
20150317,2015-03-17,2015,3,17,1,Spring
20150203,2015-02-03,2015,2,3,1,Winter
20150609,2015-06-09,2015,6,9,2,Summer
20160120,2016-01-20,2016,1,20,1,Winter
20150611,2015-06-11,2015,6,11,2,Summer
20210212,2021-02-12,2021,2,12,1,Winter
20150303,2015-03-03,2015,3,3,1,Spring
20190312,2019-03-12,2019,3,12,1,Spring
20141120,2014-11-20,2014,11,20,4,Autumn
20181207,2018-12-07,2018,12,7,4,Winter
20111204,2011-12-04,2011,12,4,4,Winter
20160100,2016-01-01,2016,1,0,1,Winter
20141223,2014-12-23,2014,12,23,4,Winter
20130915,2013-09-15,2013,9,15,3,Autumn
20201218,2020-12-18,2020,12,18,4,Winter
20140000,2014-01-01,2014,0,0,0,Unknown
20110817,2011-08-17,2011,8,17,3,Summer
20090101,2009-01-01,2009,1,1,1,Winter
20130000,2013-01-01,2013,0,0,0,Unknown
20140520,2014-05-20,2014,5,20,2,Spring
20120125,2012-01-25,2012,1,25,1,Winter
20140527,2014-05-27,2014,5,27,2,Spring
20131211,2013-12-11,2013,12,11,4,Winter
20071115,2007-11-15,2007,11,15,4,Autumn
20180215,2018-02-15,2018,2,15,1,Winter
20140127,2014-01-27,2014,1,27,1,Winter
20120411,2012-04-11,2012,4,11,2,Spring
20100000,2010-01-01,2010,0,0,0,Unknown
20200218,2020-02-18,2020,2,18,1,Winter
20100201,2010-02-01,2010,2,1,1,Winter
20200424,2020-04-24,2020,4,24,2,Spring
20131213,2013-12-13,2013,12,13,4,Winter
20120305,2012-03-05,2012,3,5,1,Spring
20210303,2021-03-03,2021,3,3,1,Spring
20121216,2012-12-16,2012,12,16,4,Winter
20100423,2010-04-23,2010,4,23,2,Spring
20210319,2021-03-19,2021,3,19,1,Spring
20210318,2021-03-18,2021,3,18,1,Spring
20170718,2017-07-18,2017,7,18,3,Summer
20060101,2006-01-01,2006,1,1,1,Winter
20080101,2008-01-01,2008,1,1,1,Winter
20070218,2007-02-18,2007,2,18,1,Winter
20120823,2012-08-23,2012,8,23,3,Summer
20150923,2015-09-23,2015,9,23,3,Autumn
20090401,2009-04-01,2009,4,1,2,Spring
20071015,2007-10-15,2007,10,15,4,Autumn
20080108,2008-01-08,2008,1,8,1,Winter
20070211,2007-02-11,2007,2,11,1,Winter
20131201,2013-12-01,2013,12,1,4,Winter
20070118,2007-01-18,2007,1,18,1,Winter
20020328,2002-03-28,2002,3,28,1,Spring
19940225,1994-02-25,1994,2,25,1,Winter
19930225,1993-02-25,1993,2,25,1,Winter
20020402,2002-04-02,2002,4,2,2,Spring
19960514,1996-05-14,1996,5,14,2,Spring
20031114,2003-11-14,2003,11,14,4,Autumn
19960000,1996-01-01,1996,0,0,0,Unknown
20020329,2002-03-29,2002,3,29,1,Spring
19980420,1998-04-20,1998,4,20,2,Spring
19920712,1992-07-12,1992,7,12,3,Summer
19930000,1993-01-01,1993,0,0,0,Unknown
19980507,1998-05-07,1998,5,7,2,Spring
20020322,2002-03-22,2002,3,22,1,Spring
20240805,2024-08-05,2024,8,5,3,Summer
19980514,1998-05-14,1998,5,14,2,Spring
19991217,1999-12-17,1999,12,17,4,Winter
19991203,1999-12-03,1999,12,3,4,Winter
19930101,1993-01-01,1993,1,1,1,Winter
20001207,2000-12-07,2000,12,7,4,Winter
20041112,2004-11-12,2004,11,12,4,Autumn
19940000,1994-01-01,1994,0,0,0,Unknown
20231208,2023-12-08,2023,12,8,4,Winter
20230428,2023-04-28,2023,4,28,2,Spring
20031014,2003-10-14,2003,10,14,4,Autumn
20030101,2003-01-01,2003,1,1,1,Winter
20001117,2000-11-17,2000,11,17,4,Autumn
19940101,1994-01-01,1994,1,1,1,Winter
20031107,2003-11-07,2003,11,7,4,Autumn
19931225,1993-12-25,1993,12,25,4,Winter
19980423,1998-04-23,1998,4,23,2,Spring
20010406,2001-04-06,2001,4,6,2,Spring
20090522,2009-05-22,2009,5,22,2,Spring
19960314,1996-03-14,1996,3,14,1,Spring
20060620,2006-06-20,2006,6,20,2,Summer
20030523,2003-05-23,2003,5,23,2,Spring
20150605,2015-06-05,2015,6,5,2,Summer
20130618,2013-06-18,2013,6,18,2,Summer
20130524,2013-05-24,2013,5,24,2,Spring
20130111,2013-01-11,2013,1,11,1,Winter
20090619,2009-06-19,2009,6,19,2,Summer
20010511,2001-05-11,2001,5,11,2,Spring
20031003,2003-10-03,2003,10,3,4,Autumn
20060609,2006-06-09,2006,6,9,2,Summer
20210302,2021-03-02,2021,3,2,1,Spring
20090618,2009-06-18,2009,6,18,2,Summer
19970600,1997-06-01,1997,6,0,2,Summer
19970601,1997-06-01,1997,6,1,2,Summer
19920201,1992-02-01,1992,2,1,1,Winter
20140220,2014-02-20,2014,2,20,1,Winter
20031023,2003-10-23,2003,10,23,4,Autumn
20080225,2008-02-25,2008,2,25,1,Winter
20031024,2003-10-24,2003,10,24,4,Autumn
20080229,2008-02-29,2008,2,29,1,Winter
19940307,1994-03-07,1994,3,7,1,Spring
20200607,2020-06-07,2020,6,7,2,Summer
20110912,2011-09-12,2011,9,12,3,Autumn
20180302,2018-03-02,2018,3,2,1,Spring
20160104,2016-01-04,2016,1,4,1,Winter
20160502,2016-05-02,2016,5,2,2,Spring
20200605,2020-06-05,2020,6,5,2,Summer
20160630,2016-06-30,2016,6,30,2,Summer
20160125,2016-01-25,2016,1,25,1,Winter
20170113,2017-01-13,2017,1,13,1,Winter
20200612,2020-06-12,2020,6,12,2,Summer
20221206,2022-12-06,2022,12,6,4,Winter
20180202,2018-02-02,2018,2,2,1,Winter
20160519,2016-05-19,2016,5,19,2,Spring
20230530,2023-05-30,2023,5,30,2,Spring
20200102,2020-01-02,2020,1,2,1,Winter
20151015,2015-10-15,2015,10,15,4,Autumn
20240524,2024-05-24,2024,5,24,2,Spring
20180307,2018-03-07,2018,3,7,1,Spring
20160103,2016-01-03,2016,1,3,1,Winter
20210504,2021-05-04,2021,5,4,2,Spring
20131202,2013-12-02,2013,12,2,4,Winter
20231128,2023-11-28,2023,11,28,4,Autumn
20150806,2015-08-06,2015,8,6,3,Summer
20131026,2013-10-26,2013,10,26,4,Autumn
20160309,2016-03-09,2016,3,9,1,Spring
20130310,2013-03-10,2013,3,10,1,Spring
20101018,2010-10-18,2010,10,18,4,Autumn
20181202,2018-12-02,2018,12,2,4,Winter
20130701,2013-07-01,2013,7,1,3,Summer
20190706,2019-07-06,2019,7,6,3,Summer
20220824,2022-08-24,2022,8,24,3,Summer
20191020,2019-10-20,2019,10,20,4,Autumn
20250119,2025-01-19,2025,1,19,1,Winter
20170915,2017-09-15,2017,9,15,3,Autumn
20210507,2021-05-07,2021,5,7,2,Spring
20210331,2021-03-31,2021,3,31,1,Spring
20030613,2003-06-13,2003,6,13,2,Summer
20080411,2008-04-11,2008,4,11,2,Spring
20060224,2006-02-24,2006,2,24,1,Winter
20110301,2011-03-01,2011,3,1,1,Spring
20140304,2014-03-04,2014,3,4,1,Spring
20030522,2003-05-22,2003,5,22,2,Spring
20060324,2006-03-24,2006,3,24,1,Spring
20140321,2014-03-21,2014,3,21,1,Spring
20000526,2000-05-26,2000,5,26,2,Spring
20121025,2012-10-25,2012,10,25,4,Autumn
20031016,2003-10-16,2003,10,16,4,Autumn
20051028,2005-10-28,2005,10,28,4,Autumn
20091022,2009-10-22,2009,10,22,4,Autumn
20240919,2024-09-19,2024,9,19,3,Autumn
20240315,2024-03-15,2024,3,15,1,Spring
20230324,2023-03-24,2023,3,24,1,Spring
20241210,2024-12-10,2024,12,10,4,Winter
20211020,2021-10-20,2021,10,20,4,Autumn
20240522,2024-05-22,2024,5,22,2,Spring
20191024,2019-10-24,2019,10,24,4,Autumn
20211126,2021-11-26,2021,11,26,4,Autumn
20210903,2021-09-03,2021,9,3,3,Autumn
19980700,1998-07-01,1998,7,0,3,Summer
20170321,2017-03-21,2017,3,21,1,Spring
20130610,2013-06-10,2013,6,10,2,Summer
20101130,2010-11-30,2010,11,30,4,Autumn
20041119,2004-11-19,2004,11,19,4,Autumn
20111218,2011-12-18,2011,12,18,4,Winter
20161215,2016-12-15,2016,12,15,4,Winter
20071113,2007-11-13,2007,11,13,4,Autumn
20120214,2012-02-14,2012,2,14,1,Winter
20091104,2009-11-04,2009,11,4,4,Autumn
19920000,1992-01-01,1992,0,0,0,Unknown
20170901,2017-09-01,2017,9,1,3,Autumn
20150701,2015-07-01,2015,7,1,3,Summer
20181206,2018-12-06,2018,12,6,4,Winter
19960801,1996-08-01,1996,8,1,3,Summer
20111220,2011-12-20,2011,12,20,4,Winter
20130611,2013-06-11,2013,6,11,2,Summer
20111211,2011-12-11,2011,12,11,4,Winter
20120216,2012-02-16,2012,2,16,1,Winter
20160629,2016-06-29,2016,6,29,2,Summer
20040709,2004-07-09,2004,7,9,3,Summer
20101101,2010-11-01,2010,11,1,4,Autumn
20101109,2010-11-09,2010,11,9,4,Autumn
20061109,2006-11-09,2006,11,9,4,Autumn
20000101,2000-01-01,2000,1,1,1,Winter
20161014,2016-10-14,2016,10,14,4,Autumn
20160510,2016-05-10,2016,5,10,2,Spring
20160229,2016-02-29,2016,2,29,1,Winter
20170512,2017-05-12,2017,5,12,2,Spring
20180126,2018-01-26,2018,1,26,1,Winter
20170203,2017-02-03,2017,2,3,1,Winter
20151215,2015-12-15,2015,12,15,4,Winter
20150414,2015-04-14,2015,4,14,2,Spring
20151012,2015-10-12,2015,10,12,4,Autumn
20200220,2020-02-20,2020,2,20,1,Winter
20140409,2014-04-09,2014,4,9,2,Spring
20160126,2016-01-26,2016,1,26,1,Winter
20150209,2015-02-09,2015,2,9,1,Winter
20241011,2024-10-11,2024,10,11,4,Autumn
20150713,2015-07-13,2015,7,13,3,Summer
20210622,2021-06-22,2021,6,22,2,Summer
20201113,2020-11-13,2020,11,13,4,Autumn
20171124,2017-11-24,2017,11,24,4,Autumn
20190415,2019-04-15,2019,4,15,2,Spring
20220415,2022-04-15,2022,4,15,2,Spring
20151112,2015-11-12,2015,11,12,4,Autumn
20220517,2022-05-17,2022,5,17,2,Spring
20170118,2017-01-18,2017,1,18,1,Winter
20151219,2015-12-19,2015,12,19,4,Winter
20170131,2017-01-31,2017,1,31,1,Winter
20160727,2016-07-27,2016,7,27,3,Summer
20140331,2014-03-31,2014,3,31,1,Spring
20190318,2019-03-18,2019,3,18,1,Spring
20130520,2013-05-20,2013,5,20,2,Spring
20130601,2013-06-01,2013,6,1,2,Summer
20200316,2020-03-16,2020,3,16,1,Spring
20180901,2018-09-01,2018,9,1,3,Autumn
20200917,2020-09-17,2020,9,17,3,Autumn
20180803,2018-08-03,2018,8,3,3,Summer
20191018,2019-10-18,2019,10,18,4,Autumn
20140902,2014-09-02,2014,9,2,3,Autumn
20190201,2019-02-01,2019,2,1,1,Winter
20220407,2022-04-07,2022,4,7,2,Spring
20190125,2019-01-25,2019,1,25,1,Winter
20190107,2019-01-07,2019,1,7,1,Winter
20121113,2012-11-13,2012,11,13,4,Autumn
20211024,2021-10-24,2021,10,24,4,Autumn
20191001,2019-10-01,2019,10,1,4,Autumn
20210305,2021-03-05,2021,3,5,1,Spring
20121228,2012-12-28,2012,12,28,4,Winter
20201002,2020-10-02,2020,10,2,4,Autumn
20120521,2012-05-21,2012,5,21,2,Spring
20190121,2019-01-21,2019,1,21,1,Winter
20090607,2009-06-07,2009,6,7,2,Summer
20140701,2014-07-01,2014,7,1,3,Summer
20100522,2010-05-22,2010,5,22,2,Spring
20151001,2015-10-01,2015,10,1,4,Autumn
20080412,2008-04-12,2008,4,12,2,Spring
20080300,2008-03-01,2008,3,0,1,Spring
20120523,2012-05-23,2012,5,23,2,Spring
20151010,2015-10-10,2015,10,10,4,Autumn
20100607,2010-06-07,2010,6,7,2,Summer
20131124,2013-11-24,2013,11,24,4,Autumn
20191008,2019-10-08,2019,10,8,4,Autumn
20220321,2022-03-21,2022,3,21,1,Spring
20201215,2020-12-15,2020,12,15,4,Winter
20090126,2009-01-26,2009,1,26,1,Winter
20100520,2010-05-20,2010,5,20,2,Spring
20220404,2022-04-04,2022,4,4,2,Spring
20200317,2020-03-17,2020,3,17,1,Spring
20160721,2016-07-21,2016,7,21,3,Summer
20181214,2018-12-14,2018,12,14,4,Winter
20190617,2019-06-17,2019,6,17,2,Summer
20200228,2020-02-28,2020,2,28,1,Winter
20180913,2018-09-13,2018,9,13,3,Autumn
20190528,2019-05-28,2019,5,28,2,Spring
20220718,2022-07-18,2022,7,18,3,Summer
20180919,2018-09-19,2018,9,19,3,Autumn
20190401,2019-04-01,2019,4,1,2,Spring
20190810,2019-08-10,2019,8,10,3,Summer
20200105,2020-01-05,2020,1,5,1,Winter
20210406,2021-04-06,2021,4,6,2,Spring
20160829,2016-08-29,2016,8,29,3,Summer
20180118,2018-01-18,2018,1,18,1,Winter
20140403,2014-04-03,2014,4,3,2,Spring
20081031,2008-10-31,2008,10,31,4,Autumn
20180103,2018-01-03,2018,1,3,1,Winter
20171213,2017-12-13,2017,12,13,4,Winter
20140307,2014-03-07,2014,3,7,1,Spring
20070629,2007-06-29,2007,6,29,2,Summer
20170419,2017-04-19,2017,4,19,2,Spring
20190109,2019-01-09,2019,1,9,1,Winter
20181106,2018-11-06,2018,11,6,4,Autumn
20140519,2014-05-19,2014,5,19,2,Spring
20140424,2014-04-24,2014,4,24,2,Spring
20181114,2018-11-14,2018,11,14,4,Autumn
20160620,2016-06-20,2016,6,20,2,Summer
20190730,2019-07-30,2019,7,30,3,Summer
20170109,2017-01-09,2017,1,9,1,Winter
20170403,2017-04-03,2017,4,3,2,Spring
20190709,2019-07-09,2019,7,9,3,Summer
20180424,2018-04-24,2018,4,24,2,Spring
20130319,2013-03-19,2013,3,19,1,Spring
20170424,2017-04-24,2017,4,24,2,Spring
20150911,2015-09-11,2015,9,11,3,Autumn
20150918,2015-09-18,2015,9,18,3,Autumn
20160627,2016-06-27,2016,6,27,2,Summer
20161010,2016-10-10,2016,10,10,4,Autumn
20200214,2020-02-14,2020,2,14,1,Winter
20170126,2017-01-26,2017,1,26,1,Winter
20200324,2020-03-24,2020,3,24,1,Spring
20170102,2017-01-02,2017,1,2,1,Winter
20160704,2016-07-04,2016,7,4,3,Summer
20210312,2021-03-12,2021,3,12,1,Spring
20160922,2016-09-22,2016,9,22,3,Autumn
20210111,2021-01-11,2021,1,11,1,Winter
20160516,2016-05-16,2016,5,16,2,Spring
20130315,2013-03-15,2013,3,15,1,Spring
20160919,2016-09-19,2016,9,19,3,Autumn
20190809,2019-08-09,2019,8,9,3,Summer
20190823,2019-08-23,2019,8,23,3,Summer
20040500,2004-05-01,2004,5,0,2,Spring
20190625,2019-06-25,2019,6,25,2,Summer
20201204,2020-12-04,2020,12,4,4,Winter
20160330,2016-03-30,2016,3,30,1,Spring
20210223,2021-02-23,2021,2,23,1,Winter
20210729,2021-07-29,2021,7,29,3,Summer
20100903,2010-09-03,2010,9,3,3,Autumn
20160801,2016-08-01,2016,8,1,3,Summer
20060130,2006-01-30,2006,1,30,1,Winter
20161227,2016-12-27,2016,12,27,4,Winter
20161017,2016-10-17,2016,10,17,4,Autumn
20201115,2020-11-15,2020,11,15,4,Autumn
20091101,2009-11-01,2009,11,1,4,Autumn
20210730,2021-07-30,2021,7,30,3,Summer
20110524,2011-05-24,2011,5,24,2,Spring
20210630,2021-06-30,2021,6,30,2,Summer
20100511,2010-05-11,2010,5,11,2,Spring
20100518,2010-05-18,2010,5,18,2,Spring
20140417,2014-04-17,2014,4,17,2,Spring
20091215,2009-12-15,2009,12,15,4,Winter
20080228,2008-02-28,2008,2,28,1,Winter
20091004,2009-10-04,2009,10,4,4,Autumn
20210503,2021-05-03,2021,5,3,2,Spring
20070602,2007-06-02,2007,6,2,2,Summer
20150316,2015-03-16,2015,3,16,1,Spring
20250321,2025-03-21,2025,3,21,1,Spring
20240109,2024-01-09,2024,1,9,1,Winter
20120112,2012-01-12,2012,1,12,1,Winter
20210712,2021-07-12,2021,7,12,3,Summer
20151016,2015-10-16,2015,10,16,4,Autumn
20140508,2014-05-08,2014,5,8,2,Spring
20090712,2009-07-12,2009,7,12,3,Summer
20090715,2009-07-15,2009,7,15,3,Summer
20111128,2011-11-28,2011,11,28,4,Autumn
20101213,2010-12-13,2010,12,13,4,Winter
20200301,2020-03-01,2020,3,1,1,Spring
20190903,2019-09-03,2019,9,3,3,Autumn
20230825,2023-08-25,2023,8,25,3,Summer
20200618,2020-06-18,2020,6,18,2,Summer
20171201,2017-12-01,2017,12,1,4,Winter
20191126,2019-11-26,2019,11,26,4,Autumn
20210120,2021-01-20,2021,1,20,1,Winter
20180220,2018-02-20,2018,2,20,1,Winter
20180417,2018-04-17,2018,4,17,2,Spring
20190507,2019-05-07,2019,5,7,2,Spring
20190826,2019-08-26,2019,8,26,3,Summer
20170103,2017-01-03,2017,1,3,1,Winter
20180611,2018-06-11,2018,6,11,2,Summer
20190801,2019-08-01,2019,8,1,3,Summer
20180206,2018-02-06,2018,2,6,1,Winter
20230915,2023-09-15,2023,9,15,3,Autumn
20190718,2019-07-18,2019,7,18,3,Summer
20200203,2020-02-03,2020,2,3,1,Winter
20200210,2020-02-10,2020,2,10,1,Winter
20170119,2017-01-19,2017,1,19,1,Winter
20220129,2022-01-29,2022,1,29,1,Winter
20210824,2021-08-24,2021,8,24,3,Summer
20200219,2020-02-19,2020,2,19,1,Winter
20230704,2023-07-04,2023,7,4,3,Summer
20231022,2023-10-22,2023,10,22,4,Autumn
20151210,2015-12-10,2015,12,10,4,Winter
20161219,2016-12-19,2016,12,19,4,Winter
20210429,2021-04-29,2021,4,29,2,Spring
20180127,2018-01-27,2018,1,27,1,Winter
20230516,2023-05-16,2023,5,16,2,Spring
20200321,2020-03-21,2020,3,21,1,Spring
20161216,2016-12-16,2016,12,16,4,Winter
20230129,2023-01-29,2023,1,29,1,Winter
20230614,2023-06-14,2023,6,14,2,Summer
20151019,2015-10-19,2015,10,19,4,Autumn
20131002,2013-10-02,2013,10,2,4,Autumn
20170616,2017-06-16,2017,6,16,2,Summer
20150309,2015-03-09,2015,3,9,1,Spring
20161025,2016-10-25,2016,10,25,4,Autumn
20151209,2015-12-09,2015,12,9,4,Winter
20160209,2016-02-09,2016,2,9,1,Winter
20160200,2016-02-01,2016,2,0,1,Winter
20250117,2025-01-17,2025,1,17,1,Winter
20250228,2025-02-28,2025,2,28,1,Winter
20231114,2023-11-14,2023,11,14,4,Autumn
20250116,2025-01-16,2025,1,16,1,Winter
20221213,2022-12-13,2022,12,13,4,Winter
20180122,2018-01-22,2018,1,22,1,Winter
20170731,2017-07-31,2017,7,31,3,Summer
20160715,2016-07-15,2016,7,15,3,Summer
20160608,2016-06-08,2016,6,8,2,Summer
20180621,2018-06-21,2018,6,21,2,Summer
20190118,2019-01-18,2019,1,18,1,Winter
20220401,2022-04-01,2022,4,1,2,Spring
20190618,2019-06-18,2019,6,18,2,Summer
20160621,2016-06-21,2016,6,21,2,Summer
20250423,2025-04-23,2025,4,23,2,Spring
20150202,2015-02-02,2015,2,2,1,Winter
20160531,2016-05-31,2016,5,31,2,Spring
20150619,2015-06-19,2015,6,19,2,Summer
20200509,2020-05-09,2020,5,9,2,Spring
20250326,2025-03-26,2025,3,26,1,Spring
20131018,2013-10-18,2013,10,18,4,Autumn
20130920,2013-09-20,2013,9,20,3,Autumn
20221021,2022-10-21,2022,10,21,4,Autumn
20230510,2023-05-10,2023,5,10,2,Spring
20231212,2023-12-12,2023,12,12,4,Winter
20100913,2010-09-13,2010,9,13,3,Autumn
20231007,2023-10-07,2023,10,7,4,Autumn
20170615,2017-06-15,2017,6,15,2,Summer
20150707,2015-07-07,2015,7,7,3,Summer
20130412,2013-04-12,2013,4,12,2,Spring
20200625,2020-06-25,2020,6,25,2,Summer
20190531,2019-05-31,2019,5,31,2,Spring
20181026,2018-10-26,2018,10,26,4,Autumn
20121203,2012-12-03,2012,12,3,4,Winter
20170217,2017-02-17,2017,2,17,1,Winter
20150608,2015-06-08,2015,6,8,2,Summer
20110923,2011-09-23,2011,9,23,3,Autumn
20160428,2016-04-28,2016,4,28,2,Spring
20130312,2013-03-12,2013,3,12,1,Spring
20120531,2012-05-31,2012,5,31,2,Spring
20081016,2008-10-16,2008,10,16,4,Autumn
20120923,2012-09-23,2012,9,23,3,Autumn
20100130,2010-01-30,2010,1,30,1,Winter
20201110,2020-11-10,2020,11,10,4,Autumn
20120615,2012-06-15,2012,6,15,2,Summer
20100602,2010-06-02,2010,6,2,2,Summer
20220201,2022-02-01,2022,2,1,1,Winter
20080613,2008-06-13,2008,6,13,2,Summer
20130717,2013-07-17,2013,7,17,3,Summer
20141212,2014-12-12,2014,12,12,4,Winter
20170127,2017-01-27,2017,1,27,1,Winter
20130430,2013-04-30,2013,4,30,2,Spring
20101008,2010-10-08,2010,10,8,4,Autumn
20150123,2015-01-23,2015,1,23,1,Winter
20220205,2022-02-05,2022,2,5,1,Winter
20060401,2006-04-01,2006,4,1,2,Spring
20141202,2014-12-02,2014,12,2,4,Winter
20240202,2024-02-02,2024,2,2,1,Winter
20200512,2020-05-12,2020,5,12,2,Spring
20240201,2024-02-01,2024,2,1,1,Winter
20060426,2006-04-26,2006,4,26,2,Spring
20200609,2020-06-09,2020,6,9,2,Summer
20130228,2013-02-28,2013,2,28,1,Winter
20220615,2022-06-15,2022,6,15,2,Summer
20111008,2011-10-08,2011,10,8,4,Autumn
20130416,2013-04-16,2013,4,16,2,Spring
20110401,2011-04-01,2011,4,1,2,Spring
20130326,2013-03-26,2013,3,26,1,Spring
20141118,2014-11-18,2014,11,18,4,Autumn
20121017,2012-10-17,2012,10,17,4,Autumn
20170524,2017-05-24,2017,5,24,2,Spring
20110319,2011-03-19,2011,3,19,1,Spring
20140526,2014-05-26,2014,5,26,2,Spring
20110129,2011-01-29,2011,1,29,1,Winter
20110920,2011-09-20,2011,9,20,3,Autumn
20110922,2011-09-22,2011,9,22,3,Autumn
20101025,2010-10-25,2010,10,25,4,Autumn
20120309,2012-03-09,2012,3,9,1,Spring
20180419,2018-04-19,2018,4,19,2,Spring
20230913,2023-09-13,2023,9,13,3,Autumn
20230106,2023-01-06,2023,1,6,1,Winter
20241206,2024-12-06,2024,12,6,4,Winter
20190322,2019-03-22,2019,3,22,1,Spring
20180730,2018-07-30,2018,7,30,3,Summer
20210520,2021-05-20,2021,5,20,2,Spring
20221118,2022-11-18,2022,11,18,4,Autumn
20180605,2018-06-05,2018,6,5,2,Summer
20240210,2024-02-10,2024,2,10,1,Winter
20241120,2024-11-20,2024,11,20,4,Autumn
20181018,2018-10-18,2018,10,18,4,Autumn
20191221,2019-12-21,2019,12,21,4,Winter
20240209,2024-02-09,2024,2,9,1,Winter
20200715,2020-07-15,2020,7,15,3,Summer
20201105,2020-11-05,2020,11,5,4,Autumn
20160115,2016-01-15,2016,1,15,1,Winter
20170406,2017-04-06,2017,4,6,2,Spring
20151222,2015-12-22,2015,12,22,4,Winter
20181023,2018-10-23,2018,10,23,4,Autumn
20150325,2015-03-25,2015,3,25,1,Spring
20170605,2017-06-05,2017,6,5,2,Summer
20160615,2016-06-15,2016,6,15,2,Summer
20200616,2020-06-16,2020,6,16,2,Summer
20180104,2018-01-04,2018,1,4,1,Winter
20210601,2021-06-01,2021,6,1,2,Summer
20171002,2017-10-02,2017,10,2,4,Autumn
20170202,2017-02-02,2017,2,2,1,Winter
20171224,2017-12-24,2017,12,24,4,Winter
20141210,2014-12-10,2014,12,10,4,Winter
20180531,2018-05-31,2018,5,31,2,Spring
20150304,2015-03-04,2015,3,4,1,Spring
20130922,2013-09-22,2013,9,22,3,Autumn
20171101,2017-11-01,2017,11,1,4,Autumn
20170215,2017-02-15,2017,2,15,1,Winter
20170525,2017-05-25,2017,5,25,2,Spring
20161021,2016-10-21,2016,10,21,4,Autumn
20190613,2019-06-13,2019,6,13,2,Summer
20180227,2018-02-27,2018,2,27,1,Winter
20170415,2017-04-15,2017,4,15,2,Spring
20170122,2017-01-22,2017,1,22,1,Winter
20160102,2016-01-02,2016,1,2,1,Winter
20180716,2018-07-16,2018,7,16,3,Summer
20151014,2015-10-14,2015,10,14,4,Autumn
20210701,2021-07-01,2021,7,1,3,Summer
20161109,2016-11-09,2016,11,9,4,Autumn
20160208,2016-02-08,2016,2,8,1,Winter
20170129,2017-01-29,2017,1,29,1,Winter
20150603,2015-06-03,2015,6,3,2,Summer
20200115,2020-01-15,2020,1,15,1,Winter
20220826,2022-08-26,2022,8,26,3,Summer
20240411,2024-04-11,2024,4,11,2,Spring
20171025,2017-10-25,2017,10,25,4,Autumn
20121106,2012-11-06,2012,11,6,4,Autumn
20210723,2021-07-23,2021,7,23,3,Summer
20181012,2018-10-12,2018,10,12,4,Autumn
20180110,2018-01-10,2018,1,10,1,Winter
20160926,2016-09-26,2016,9,26,3,Autumn
20150618,2015-06-18,2015,6,18,2,Summer
20120124,2012-01-24,2012,1,24,1,Winter
20140528,2014-05-28,2014,5,28,2,Spring
20161006,2016-10-06,2016,10,6,4,Autumn
20160606,2016-06-06,2016,6,6,2,Summer
20131022,2013-10-22,2013,10,22,4,Autumn
20131021,2013-10-21,2013,10,21,4,Autumn
20160520,2016-05-20,2016,5,20,2,Spring
20131008,2013-10-08,2013,10,8,4,Autumn
20101011,2010-10-11,2010,10,11,4,Autumn
20131209,2013-12-09,2013,12,9,4,Winter
20140610,2014-06-10,2014,6,10,2,Summer
20250204,2025-02-04,2025,2,4,1,Winter
20091217,2009-12-17,2009,12,17,4,Winter
20120630,2012-06-30,2012,6,30,2,Summer
20231124,2023-11-24,2023,11,24,4,Autumn
20110726,2011-07-26,2011,7,26,3,Summer
20200617,2020-06-17,2020,6,17,2,Summer
20111231,2011-12-31,2011,12,31,4,Winter
20150518,2015-05-18,2015,5,18,2,Spring
20101014,2010-10-14,2010,10,14,4,Autumn
20111212,2011-12-12,2011,12,12,4,Winter
20120106,2012-01-06,2012,1,6,1,Winter
20130713,2013-07-13,2013,7,13,3,Summer
20130911,2013-09-11,2013,9,11,3,Autumn
20210721,2021-07-21,2021,7,21,3,Summer
20111205,2011-12-05,2011,12,5,4,Winter
20141204,2014-12-04,2014,12,4,4,Winter
20200312,2020-03-12,2020,3,12,1,Spring
20111121,2011-11-21,2011,11,21,4,Autumn
20111129,2011-11-29,2011,11,29,4,Autumn
20110402,2011-04-02,2011,4,2,2,Spring
20210602,2021-06-02,2021,6,2,2,Summer
20100516,2010-05-16,2010,5,16,2,Spring
20090730,2009-07-30,2009,7,30,3,Summer
20131016,2013-10-16,2013,10,16,4,Autumn
20220819,2022-08-19,2022,8,19,3,Summer
20140301,2014-03-01,2014,3,1,1,Spring
20150323,2015-03-23,2015,3,23,1,Spring
20140723,2014-07-23,2014,7,23,3,Summer
20130812,2013-08-12,2013,8,12,3,Summer
20131028,2013-10-28,2013,10,28,4,Autumn
20150331,2015-03-31,2015,3,31,1,Spring
20180504,2018-05-04,2018,5,4,2,Spring
20161118,2016-11-18,2016,11,18,4,Autumn
20160506,2016-05-06,2016,5,6,2,Spring
20171027,2017-10-27,2017,10,27,4,Autumn
20150424,2015-04-24,2015,4,24,2,Spring
20170120,2017-01-20,2017,1,20,1,Winter
20150220,2015-02-20,2015,2,20,1,Winter
20090612,2009-06-12,2009,6,12,2,Summer
20060908,2006-09-08,2006,9,8,3,Autumn
20190513,2019-05-13,2019,5,13,2,Spring
20061124,2006-11-24,2006,11,24,4,Autumn
20061013,2006-10-13,2006,10,13,4,Autumn
20110826,2011-08-26,2011,8,26,3,Summer
20110830,2011-08-30,2011,8,30,3,Summer
20141205,2014-12-05,2014,12,5,4,Winter
20090123,2009-01-23,2009,1,23,1,Winter
20210827,2021-08-27,2021,8,27,3,Summer
20070615,2007-06-15,2007,6,15,2,Summer
20081219,2008-12-19,2008,12,19,4,Winter
20230323,2023-03-23,2023,3,23,1,Spring
20120420,2012-04-20,2012,4,20,2,Spring
20081128,2008-11-28,2008,11,28,4,Autumn
20140120,2014-01-20,2014,1,20,1,Winter
20151204,2015-12-04,2015,12,4,4,Winter
20171006,2017-10-06,2017,10,6,4,Autumn
20210304,2021-03-04,2021,3,4,1,Spring
20140624,2014-06-24,2014,6,24,2,Summer
20190925,2019-09-25,2019,9,25,3,Autumn
20240425,2024-04-25,2024,4,25,2,Spring
20140506,2014-05-06,2014,5,6,2,Spring
20131001,2013-10-01,2013,10,1,4,Autumn
20190426,2019-04-26,2019,4,26,2,Spring
20180706,2018-07-06,2018,7,6,3,Summer
20150430,2015-04-30,2015,4,30,2,Spring
20220422,2022-04-22,2022,4,22,2,Spring
20120131,2012-01-31,2012,1,31,1,Winter
20111226,2011-12-26,2011,12,26,4,Winter
20150207,2015-02-07,2015,2,7,1,Winter
20250201,2025-02-01,2025,2,1,1,Winter
20250528,2025-05-28,2025,5,28,2,Spring
19930612,1993-06-12,1993,6,12,2,Summer
20111018,2011-10-18,2011,10,18,4,Autumn
20000504,2000-05-04,2000,5,4,2,Spring
20210525,2021-05-25,2021,5,25,2,Spring
20111103,2011-11-03,2011,11,3,4,Autumn
20110720,2011-07-20,2011,7,20,3,Summer
20160923,2016-09-23,2016,9,23,3,Autumn
20140617,2014-06-17,2014,6,17,2,Summer
20110812,2011-08-12,2011,8,12,3,Summer
20110429,2011-04-29,2011,4,29,2,Spring
20110613,2011-06-13,2011,6,13,2,Summer
20140530,2014-05-30,2014,5,30,2,Spring
20181027,2018-10-27,2018,10,27,4,Autumn
20140616,2014-06-16,2014,6,16,2,Summer
20110317,2011-03-17,2011,3,17,1,Spring
20201209,2020-12-09,2020,12,9,4,Winter
20200619,2020-06-19,2020,6,19,2,Summer
20160921,2016-09-21,2016,9,21,3,Autumn
20190405,2019-04-05,2019,4,5,2,Spring
20171103,2017-11-03,2017,11,3,4,Autumn
20161108,2016-11-08,2016,11,8,4,Autumn
20170228,2017-02-28,2017,2,28,1,Winter
20160322,2016-03-22,2016,3,22,1,Spring
20190327,2019-03-27,2019,3,27,1,Spring
20170411,2017-04-11,2017,4,11,2,Spring
20180628,2018-06-28,2018,6,28,2,Summer
20160624,2016-06-24,2016,6,24,2,Summer
20220926,2022-09-26,2022,9,26,3,Autumn
20180521,2018-05-21,2018,5,21,2,Spring
20160607,2016-06-07,2016,6,7,2,Summer
20190420,2019-04-20,2019,4,20,2,Spring
20250407,2025-04-07,2025,4,7,2,Spring
20210709,2021-07-09,2021,7,9,3,Summer
20200514,2020-05-14,2020,5,14,2,Spring
20210609,2021-06-09,2021,6,9,2,Summer
20230413,2023-04-13,2023,4,13,2,Spring
20111013,2011-10-13,2011,10,13,4,Autumn
20241101,2024-11-01,2024,11,1,4,Autumn
20110514,2011-05-14,2011,5,14,2,Spring
20230309,2023-03-09,2023,3,9,1,Spring
20191219,2019-12-19,2019,12,19,4,Winter
20110714,2011-07-14,2011,7,14,3,Summer
20030900,2003-09-01,2003,9,0,3,Autumn
20091119,2009-11-19,2009,11,19,4,Autumn
20171208,2017-12-08,2017,12,8,4,Winter
20141128,2014-11-28,2014,11,28,4,Autumn
20070330,2007-03-30,2007,3,30,1,Spring
20100928,2010-09-28,2010,9,28,3,Autumn
20150210,2015-02-10,2015,2,10,1,Winter
20070119,2007-01-19,2007,1,19,1,Winter
20150403,2015-04-03,2015,4,3,2,Spring
20220107,2022-01-07,2022,1,7,1,Winter
20081130,2008-11-30,2008,11,30,4,Autumn
20091113,2009-11-13,2009,11,13,4,Autumn
20220225,2022-02-25,2022,2,25,1,Winter
20070223,2007-02-23,2007,2,23,1,Winter
20100604,2010-06-04,2010,6,4,2,Summer
20150212,2015-02-12,2015,2,12,1,Winter
20090520,2009-05-20,2009,5,20,2,Spring
20100830,2010-08-30,2010,8,30,3,Summer
20090516,2009-05-16,2009,5,16,2,Spring
20190912,2019-09-12,2019,9,12,3,Autumn
20220218,2022-02-18,2022,2,18,1,Winter
20190215,2019-02-15,2019,2,15,1,Winter
20211111,2021-11-11,2021,11,11,4,Autumn
20250320,2025-03-20,2025,3,20,1,Spring
20230126,2023-01-26,2023,1,26,1,Winter
20170522,2017-05-22,2017,5,22,2,Spring
20221209,2022-12-09,2022,12,9,4,Winter
20190913,2019-09-13,2019,9,13,3,Autumn
20241004,2024-10-04,2024,10,4,4,Autumn
20190725,2019-07-25,2019,7,25,3,Summer
20211005,2021-10-05,2021,10,5,4,Autumn
20190330,2019-03-30,2019,3,30,1,Spring
20231230,2023-12-30,2023,12,30,4,Winter
20170506,2017-05-06,2017,5,6,2,Spring
20180502,2018-05-02,2018,5,2,2,Spring
20170721,2017-07-21,2017,7,21,3,Summer
20170314,2017-03-14,2017,3,14,1,Spring
20170919,2017-09-19,2017,9,19,3,Autumn
20180620,2018-06-20,2018,6,20,2,Summer
20160321,2016-03-21,2016,3,21,1,Spring
20200416,2020-04-16,2020,4,16,2,Spring
20170811,2017-08-11,2017,8,11,3,Summer
20200305,2020-03-05,2020,3,5,1,Spring
20201210,2020-12-10,2020,12,10,4,Winter
20160623,2016-06-23,2016,6,23,2,Summer
20170606,2017-06-06,2017,6,6,2,Summer
20171106,2017-11-06,2017,11,6,4,Autumn
20170711,2017-07-11,2017,7,11,3,Summer
20210407,2021-04-07,2021,4,7,2,Spring
20200427,2020-04-27,2020,4,27,2,Spring
20120323,2012-03-23,2012,3,23,1,Spring
20200322,2020-03-22,2020,3,22,1,Spring
20250620,2025-06-20,2025,6,20,2,Summer
20180105,2018-01-05,2018,1,5,1,Winter
20160602,2016-06-02,2016,6,2,2,Summer
20170620,2017-06-20,2017,6,20,2,Summer
20150823,2015-08-23,2015,8,23,3,Summer
20150512,2015-05-12,2015,5,12,2,Spring
20141001,2014-10-01,2014,10,1,4,Autumn
20231020,2023-10-20,2023,10,20,4,Autumn
20250306,2025-03-06,2025,3,6,1,Spring
20160118,2016-01-18,2016,1,18,1,Winter
20181228,2018-12-28,2018,12,28,4,Winter
20140524,2014-05-24,2014,5,24,2,Spring
20120713,2012-07-13,2012,7,13,3,Summer
20170720,2017-07-20,2017,7,20,3,Summer
20121130,2012-11-30,2012,11,30,4,Autumn
20091016,2009-10-16,2009,10,16,4,Autumn
20141230,2014-12-30,2014,12,30,4,Winter
20140513,2014-05-13,2014,5,13,2,Spring
20151220,2015-12-20,2015,12,20,4,Winter
20151120,2015-11-20,2015,11,20,4,Autumn
20111015,2011-10-15,2011,10,15,4,Autumn
20151217,2015-12-17,2015,12,17,4,Winter
20110528,2011-05-28,2011,5,28,2,Spring
20140806,2014-08-06,2014,8,6,3,Summer
20140404,2014-04-04,2014,4,4,2,Spring
20101116,2010-11-16,2010,11,16,4,Autumn
20101022,2010-10-22,2010,10,22,4,Autumn
20120610,2012-06-10,2012,6,10,2,Summer
20181102,2018-11-02,2018,11,2,4,Autumn
20151119,2015-11-19,2015,11,19,4,Autumn
20210506,2021-05-06,2021,5,6,2,Spring
20120712,2012-07-12,2012,7,12,3,Summer
20161028,2016-10-28,2016,10,28,4,Autumn
20210515,2021-05-15,2021,5,15,2,Spring
20110224,2011-02-24,2011,2,24,1,Winter
20130128,2013-01-28,2013,1,28,1,Winter
20100129,2010-01-29,2010,1,29,1,Winter
20200728,2020-07-28,2020,7,28,3,Summer
20170505,2017-05-05,2017,5,5,2,Spring
20190619,2019-06-19,2019,6,19,2,Summer
20220530,2022-05-30,2022,5,30,2,Spring
20110219,2011-02-19,2011,2,19,1,Winter
20100612,2010-06-12,2010,6,12,2,Summer
20200403,2020-04-03,2020,4,3,2,Spring
20100221,2010-02-21,2010,2,21,1,Winter
20200623,2020-06-23,2020,6,23,2,Summer
20070725,2007-07-25,2007,7,25,3,Summer
20110521,2011-05-21,2011,5,21,2,Spring
20180316,2018-03-16,2018,3,16,1,Spring
20170912,2017-09-12,2017,9,12,3,Autumn
20180702,2018-07-02,2018,7,2,3,Summer
20170807,2017-08-07,2017,8,7,3,Summer
20241108,2024-11-08,2024,11,8,4,Autumn
20170108,2017-01-08,2017,1,8,1,Winter
20151213,2015-12-13,2015,12,13,4,Winter
20161226,2016-12-26,2016,12,26,4,Winter
20210321,2021-03-21,2021,3,21,1,Spring
20170611,2017-06-11,2017,6,11,2,Summer
20241219,2024-12-19,2024,12,19,4,Winter
20240130,2024-01-30,2024,1,30,1,Winter
20170515,2017-05-15,2017,5,15,2,Spring
20161107,2016-11-07,2016,11,7,4,Autumn
20161027,2016-10-27,2016,10,27,4,Autumn
20240314,2024-03-14,2024,3,14,1,Spring
20150712,2015-07-12,2015,7,12,3,Summer
20160202,2016-02-02,2016,2,2,1,Winter
20250216,2025-02-16,2025,2,16,1,Winter
20240516,2024-05-16,2024,5,16,2,Spring
20120706,2012-07-06,2012,7,6,3,Summer
20230000,2023-01-01,2023,0,0,0,Unknown
20150506,2015-05-06,2015,5,6,2,Spring
20150606,2015-06-06,2015,6,6,2,Summer
20240823,2024-08-23,2024,8,23,3,Summer
20211221,2021-12-21,2021,12,21,4,Winter
20240531,2024-05-31,2024,5,31,2,Spring
20220525,2022-05-25,2022,5,25,2,Spring
20210902,2021-09-02,2021,9,2,3,Autumn
20231222,2023-12-22,2023,12,22,4,Winter
20240927,2024-09-27,2024,9,27,3,Autumn
20220822,2022-08-22,2022,8,22,3,Summer
20221006,2022-10-06,2022,10,6,4,Autumn
20220921,2022-09-21,2022,9,21,3,Autumn
20230502,2023-05-02,2023,5,2,2,Spring
20210125,2021-01-25,2021,1,25,1,Winter
20201103,2020-11-03,2020,11,3,4,Autumn
20220427,2022-04-27,2022,4,27,2,Spring
20210315,2021-03-15,2021,3,15,1,Spring
20221224,2022-12-24,2022,12,24,4,Winter
20220802,2022-08-02,2022,8,2,3,Summer
20180727,2018-07-27,2018,7,27,3,Summer
20210324,2021-03-24,2021,3,24,1,Spring
20200108,2020-01-08,2020,1,8,1,Winter
20151002,2015-10-02,2015,10,2,4,Autumn
20130409,2013-04-09,2013,4,9,2,Spring
20150601,2015-06-01,2015,6,1,2,Summer
20180330,2018-03-30,2018,3,30,1,Spring
20050806,2005-08-06,2005,8,6,3,Summer
20050722,2005-07-22,2005,7,22,3,Summer
20070309,2007-03-09,2007,3,9,1,Spring
20050701,2005-07-01,2005,7,1,3,Summer
20110327,2011-03-27,2011,3,27,1,Spring
20141027,2014-10-27,2014,10,27,4,Autumn
20080302,2008-03-02,2008,3,2,1,Spring
20090500,2009-05-01,2009,5,0,2,Spring
20080313,2008-03-13,2008,3,13,1,Spring
20230327,2023-03-27,2023,3,27,1,Spring
20060806,2006-08-06,2006,8,6,3,Summer
20080200,2008-02-01,2008,2,0,1,Winter
20091118,2009-11-18,2009,11,18,4,Autumn
20160310,2016-03-10,2016,3,10,1,Spring
20160226,2016-02-26,2016,2,26,1,Winter
20221124,2022-11-24,2022,11,24,4,Autumn
20091010,2009-10-10,2009,10,10,4,Autumn
20130530,2013-05-30,2013,5,30,2,Spring
20120717,2012-07-17,2012,7,17,3,Summer
20120718,2012-07-18,2012,7,18,3,Summer
20090923,2009-09-23,2009,9,23,3,Autumn
20130531,2013-05-31,2013,5,31,2,Spring
20170418,2017-04-18,2017,4,18,2,Spring
20091204,2009-12-04,2009,12,4,4,Winter
20111125,2011-11-25,2011,11,25,4,Autumn
20091015,2009-10-15,2009,10,15,4,Autumn
20161102,2016-11-02,2016,11,2,4,Autumn
20130311,2013-03-11,2013,3,11,1,Spring
20211006,2021-10-06,2021,10,6,4,Autumn
20160628,2016-06-28,2016,6,28,2,Summer
20121217,2012-12-17,2012,12,17,4,Winter
20150828,2015-08-28,2015,8,28,3,Summer
20110620,2011-06-20,2011,6,20,2,Summer
20210923,2021-09-23,2021,9,23,3,Autumn
20120924,2012-09-24,2012,9,24,3,Autumn
20200109,2020-01-09,2020,1,9,1,Winter
20160317,2016-03-17,2016,3,17,1,Spring
20220518,2022-05-18,2022,5,18,2,Spring
20221014,2022-10-14,2022,10,14,4,Autumn
20160113,2016-01-13,2016,1,13,1,Winter
20111111,2011-11-11,2011,11,11,4,Autumn
20211115,2021-11-15,2021,11,15,4,Autumn
20171227,2017-12-27,2017,12,27,4,Winter
20250508,2025-05-08,2025,5,8,2,Spring
20100531,2010-05-31,2010,5,31,2,Spring
20200415,2020-04-15,2020,4,15,2,Spring
20250219,2025-02-19,2025,2,19,1,Winter
20151201,2015-12-01,2015,12,1,4,Winter
20160121,2016-01-21,2016,1,21,1,Winter
20020117,2002-01-17,2002,1,17,1,Winter
20161026,2016-10-26,2016,10,26,4,Autumn
20101010,2010-10-10,2010,10,10,4,Autumn
20130627,2013-06-27,2013,6,27,2,Summer
20130628,2013-06-28,2013,6,28,2,Summer
20150311,2015-03-11,2015,3,11,1,Spring
20111227,2011-12-27,2011,12,27,4,Winter
20181231,2018-12-31,2018,12,31,4,Winter
20161231,2016-12-31,2016,12,31,4,Winter
20100923,2010-09-23,2010,9,23,3,Autumn
20081127,2008-11-27,2008,11,27,4,Autumn
20130106,2013-01-06,2013,1,6,1,Winter
20220608,2022-06-08,2022,6,8,2,Summer
20150417,2015-04-17,2015,4,17,2,Spring
20091200,2009-12-01,2009,12,0,4,Winter
20151231,2015-12-31,2015,12,31,4,Winter
20110715,2011-07-15,2011,7,15,3,Summer
20150122,2015-01-22,2015,1,22,1,Winter
20070506,2007-05-06,2007,5,6,2,Spring
20151030,2015-10-30,2015,10,30,4,Autumn
20250409,2025-04-09,2025,4,9,2,Spring
20120321,2012-03-21,2012,3,21,1,Spring
20241016,2024-10-16,2024,10,16,4,Autumn
20200401,2020-04-01,2020,4,1,2,Spring
20071014,2007-10-14,2007,10,14,4,Autumn
20130529,2013-05-29,2013,5,29,2,Spring
20161111,2016-11-11,2016,11,11,4,Autumn
20161012,2016-10-12,2016,10,12,4,Autumn
20140227,2014-02-27,2014,2,27,1,Winter
20160530,2016-05-30,2016,5,30,2,Spring
20151105,2015-11-05,2015,11,5,4,Autumn
20160713,2016-07-13,2016,7,13,3,Summer
20200204,2020-02-04,2020,2,4,1,Winter
20151207,2015-12-07,2015,12,7,4,Winter
20160421,2016-04-21,2016,4,21,2,Spring
20150525,2015-05-25,2015,5,25,2,Spring
20150501,2015-05-01,2015,5,1,2,Spring
20150522,2015-05-22,2015,5,22,2,Spring
20140226,2014-02-26,2014,2,26,1,Winter
20160201,2016-02-01,2016,2,1,1,Winter
20120421,2012-04-21,2012,4,21,2,Spring
20140106,2014-01-06,2014,1,6,1,Winter
20120400,2012-04-01,2012,4,0,2,Spring
20120917,2012-09-17,2012,9,17,3,Autumn
20240628,2024-06-28,2024,6,28,2,Summer
20120414,2012-04-14,2012,4,14,2,Spring
20140228,2014-02-28,2014,2,28,1,Winter
20150319,2015-03-19,2015,3,19,1,Spring
20120419,2012-04-19,2012,4,19,2,Spring
20111117,2011-11-17,2011,11,17,4,Autumn
20160718,2016-07-18,2016,7,18,3,Summer
20140124,2014-01-24,2014,1,24,1,Winter
20130403,2013-04-03,2013,4,3,2,Spring
20121009,2012-10-09,2012,10,9,4,Autumn
20130213,2013-02-13,2013,2,13,1,Winter
20140807,2014-08-07,2014,8,7,3,Summer
20220211,2022-02-11,2022,2,11,1,Winter
20120422,2012-04-22,2012,4,22,2,Spring
20120415,2012-04-15,2012,4,15,2,Spring
20200925,2020-09-25,2020,9,25,3,Autumn
20120517,2012-05-17,2012,5,17,2,Spring
20240710,2024-07-10,2024,7,10,3,Summer
20170607,2017-06-07,2017,6,7,2,Summer
20160714,2016-07-14,2016,7,14,3,Summer
20170825,2017-08-25,2017,8,25,3,Summer
20161013,2016-10-13,2016,10,13,4,Autumn
20160315,2016-03-15,2016,3,15,1,Spring
20210414,2021-04-14,2021,4,14,2,Spring
20171130,2017-11-30,2017,11,30,4,Autumn
20181004,2018-10-04,2018,10,4,4,Autumn
20250515,2025-05-15,2025,5,15,2,Spring
20211201,2021-12-01,2021,12,1,4,Winter
20141006,2014-10-06,2014,10,6,4,Autumn
20150121,2015-01-21,2015,1,21,1,Winter
20141124,2014-11-24,2014,11,24,4,Autumn
20150213,2015-02-13,2015,2,13,1,Winter
20190220,2019-02-20,2019,2,20,1,Winter
20140314,2014-03-14,2014,3,14,1,Spring
20220127,2022-01-27,2022,1,27,1,Winter
20250605,2025-06-05,2025,6,5,2,Summer
20101015,2010-10-15,2010,10,15,4,Autumn
20090204,2009-02-04,2009,2,4,1,Winter
20040414,2004-04-14,2004,4,14,2,Spring
20180926,2018-09-26,2018,9,26,3,Autumn
20040205,2004-02-05,2004,2,5,1,Winter
20240101,2024-01-01,2024,1,1,1,Winter
20100524,2010-05-24,2010,5,24,2,Spring
20100507,2010-05-07,2010,5,7,2,Spring
20160913,2016-09-13,2016,9,13,3,Autumn
20170626,2017-06-26,2017,6,26,2,Summer
20170306,2017-03-06,2017,3,6,1,Spring
20161115,2016-11-15,2016,11,15,4,Autumn
20170201,2017-02-01,2017,2,1,1,Winter
20161129,2016-11-29,2016,11,29,4,Autumn
20161101,2016-11-01,2016,11,1,4,Autumn
20160626,2016-06-26,2016,6,26,2,Summer
20231018,2023-10-18,2023,10,18,4,Autumn
20150716,2015-07-16,2015,7,16,3,Summer
20200205,2020-02-05,2020,2,5,1,Winter
20121016,2012-10-16,2012,10,16,4,Autumn
20160717,2016-07-17,2016,7,17,3,Summer
20111122,2011-11-22,2011,11,22,4,Autumn
20150728,2015-07-28,2015,7,28,3,Summer
20200206,2020-02-06,2020,2,6,1,Winter
20110415,2011-04-15,2011,4,15,2,Spring
20160407,2016-04-07,2016,4,7,2,Spring
20200525,2020-05-25,2020,5,25,2,Spring
20140725,2014-07-25,2014,7,25,3,Summer
20150514,2015-05-14,2015,5,14,2,Spring
20050801,2005-08-01,2005,8,1,3,Summer
20200326,2020-03-26,2020,3,26,1,Spring
20220602,2022-06-02,2022,6,2,2,Summer
20150900,2015-09-01,2015,9,0,3,Autumn
20130207,2013-02-07,2013,2,7,1,Winter
20101027,2010-10-27,2010,10,27,4,Autumn
20111028,2011-10-28,2011,10,28,4,Autumn
20141112,2014-11-12,2014,11,12,4,Autumn
20101228,2010-12-28,2010,12,28,4,Winter
20151006,2015-10-06,2015,10,6,4,Autumn
20161031,2016-10-31,2016,10,31,4,Autumn
20161019,2016-10-19,2016,10,19,4,Autumn
20170328,2017-03-28,2017,3,28,1,Spring
20161004,2016-10-04,2016,10,4,4,Autumn
20150530,2015-05-30,2015,5,30,2,Spring
20150919,2015-09-19,2015,9,19,3,Autumn
20150310,2015-03-10,2015,3,10,1,Spring
20141111,2014-11-11,2014,11,11,4,Autumn
20150326,2015-03-26,2015,3,26,1,Spring
20160114,2016-01-14,2016,1,14,1,Winter
20200904,2020-09-04,2020,9,4,3,Autumn
20140907,2014-09-07,2014,9,7,3,Autumn
20140630,2014-06-30,2014,6,30,2,Summer
20150116,2015-01-16,2015,1,16,1,Winter
20151022,2015-10-22,2015,10,22,4,Autumn
20150206,2015-02-06,2015,2,6,1,Winter
20070207,2007-02-07,2007,2,7,1,Winter
20130621,2013-06-21,2013,6,21,2,Summer
19960200,1996-02-01,1996,2,0,1,Winter
20070122,2007-01-22,2007,1,22,1,Winter
20081124,2008-11-24,2008,11,24,4,Autumn
19960310,1996-03-10,1996,3,10,1,Spring
19990121,1999-01-21,1999,1,21,1,Winter
20210606,2021-06-06,2021,6,6,2,Summer
20210917,2021-09-17,2021,9,17,3,Autumn
20160805,2016-08-05,2016,8,5,3,Summer
20110412,2011-04-12,2011,4,12,2,Spring
20170214,2017-02-14,2017,2,14,1,Winter
20211216,2021-12-16,2021,12,16,4,Winter
20110909,2011-09-09,2011,9,9,3,Autumn
20140615,2014-06-15,2014,6,15,2,Summer
20191210,2019-12-10,2019,12,10,4,Winter
20210716,2021-07-16,2021,7,16,3,Summer
20231223,2023-12-23,2023,12,23,4,Winter
20201001,2020-10-01,2020,10,1,4,Autumn
20210708,2021-07-08,2021,7,8,3,Summer
20190317,2019-03-17,2019,3,17,1,Spring
20230205,2023-02-05,2023,2,5,1,Winter
20230125,2023-01-25,2023,1,25,1,Winter
20230723,2023-07-23,2023,7,23,3,Summer
20221025,2022-10-25,2022,10,25,4,Autumn
20200802,2020-08-02,2020,8,2,3,Summer
20230610,2023-06-10,2023,6,10,2,Summer
20230522,2023-05-22,2023,5,22,2,Spring
20200331,2020-03-31,2020,3,31,1,Spring
20231225,2023-12-25,2023,12,25,4,Winter
20220118,2022-01-18,2022,1,18,1,Winter
20161122,2016-11-22,2016,11,22,4,Autumn
20160823,2016-08-23,2016,8,23,3,Summer
20160712,2016-07-12,2016,7,12,3,Summer
20160726,2016-07-26,2016,7,26,3,Summer
20160920,2016-09-20,2016,9,20,3,Autumn
20200709,2020-07-09,2020,7,9,3,Summer
20180314,2018-03-14,2018,3,14,1,Spring
20200806,2020-08-06,2020,8,6,3,Summer
20200821,2020-08-21,2020,8,21,3,Summer
20120210,2012-02-10,2012,2,10,1,Winter
20210501,2021-05-01,2021,5,1,2,Spring
20120211,2012-02-11,2012,2,11,1,Winter
20210815,2021-08-15,2021,8,15,3,Summer
20170427,2017-04-27,2017,4,27,2,Spring
20171221,2017-12-21,2017,12,21,4,Winter
20181218,2018-12-18,2018,12,18,4,Winter
20190104,2019-01-04,2019,1,4,1,Winter
20160501,2016-05-01,2016,5,1,2,Spring
20220315,2022-03-15,2022,3,15,1,Spring
20151228,2015-12-28,2015,12,28,4,Winter
20220511,2022-05-11,2022,5,11,2,Spring
20160203,2016-02-03,2016,2,3,1,Winter
20160523,2016-05-23,2016,5,23,2,Spring
20180711,2018-07-11,2018,7,11,3,Summer
20170112,2017-01-12,2017,1,12,1,Winter
20161015,2016-10-15,2016,10,15,4,Autumn
20220902,2022-09-02,2022,9,2,3,Autumn
20141026,2014-10-26,2014,10,26,4,Autumn
20200523,2020-05-23,2020,5,23,2,Spring
20181109,2018-11-09,2018,11,9,4,Autumn
20131224,2013-12-24,2013,12,24,4,Winter
20160205,2016-02-05,2016,2,5,1,Winter
20130402,2013-04-02,2013,4,2,2,Spring
20110201,2011-02-01,2011,2,1,1,Winter
20211001,2021-10-01,2021,10,1,4,Autumn
20161110,2016-11-10,2016,11,10,4,Autumn
20130321,2013-03-21,2013,3,21,1,Spring
20250428,2025-04-28,2025,4,28,2,Spring
20120215,2012-02-15,2012,2,15,1,Winter
20120223,2012-02-23,2012,2,23,1,Winter
20140605,2014-06-05,2014,6,5,2,Summer
20230626,2023-06-26,2023,6,26,2,Summer
20230706,2023-07-06,2023,7,6,3,Summer
20231229,2023-12-29,2023,12,29,4,Winter
20221003,2022-10-03,2022,10,3,4,Autumn
20171115,2017-11-15,2017,11,15,4,Autumn
20071221,2007-12-21,2007,12,21,4,Winter
20181219,2018-12-19,2018,12,19,4,Winter
20200323,2020-03-23,2020,3,23,1,Spring
20160825,2016-08-25,2016,8,25,3,Summer
20170220,2017-02-20,2017,2,20,1,Winter
20181128,2018-11-28,2018,11,28,4,Autumn
20230601,2023-06-01,2023,6,1,2,Summer
20250103,2025-01-03,2025,1,3,1,Winter
20220613,2022-06-13,2022,6,13,2,Summer
20150602,2015-06-02,2015,6,2,2,Summer
20060100,2006-01-01,2006,1,0,1,Winter
20060127,2006-01-27,2006,1,27,1,Winter
20111221,2011-12-21,2011,12,21,4,Winter
20050419,2005-04-19,2005,4,19,2,Spring
20220213,2022-02-13,2022,2,13,1,Winter
20130716,2013-07-16,2013,7,16,3,Summer
20150421,2015-04-21,2015,4,21,2,Spring
20180108,2018-01-08,2018,1,8,1,Winter
20180112,2018-01-12,2018,1,12,1,Winter
20171204,2017-12-04,2017,12,4,4,Winter
20160527,2016-05-27,2016,5,27,2,Spring
20181022,2018-10-22,2018,10,22,4,Autumn
20160524,2016-05-24,2016,5,24,2,Spring
20160512,2016-05-12,2016,5,12,2,Spring
20201222,2020-12-22,2020,12,22,4,Winter
20230303,2023-03-03,2023,3,3,1,Spring
20130805,2013-08-05,2013,8,5,3,Summer
20200310,2020-03-10,2020,3,10,1,Spring
20230414,2023-04-14,2023,4,14,2,Spring
20180101,2018-01-01,2018,1,1,1,Winter
20230419,2023-04-19,2023,4,19,2,Spring
20240906,2024-09-06,2024,9,6,3,Autumn
20240828,2024-08-28,2024,8,28,3,Summer
20190719,2019-07-19,2019,7,19,3,Summer
20190905,2019-09-05,2019,9,5,3,Autumn
20230914,2023-09-14,2023,9,14,3,Autumn
20200123,2020-01-23,2020,1,23,1,Winter
20180326,2018-03-26,2018,3,26,1,Spring
20210617,2021-06-17,2021,6,17,2,Summer
20191003,2019-10-03,2019,10,3,4,Autumn
20180219,2018-02-19,2018,2,19,1,Winter
20220601,2022-06-01,2022,6,1,2,Summer
20230405,2023-04-05,2023,4,5,2,Spring
20211217,2021-12-17,2021,12,17,4,Winter
20190708,2019-07-08,2019,7,8,3,Summer
20190723,2019-07-23,2019,7,23,3,Summer
20241218,2024-12-18,2024,12,18,4,Winter
20190328,2019-03-28,2019,3,28,1,Spring
20181001,2018-10-01,2018,10,1,4,Autumn
20181121,2018-11-21,2018,11,21,4,Autumn
20210513,2021-05-13,2021,5,13,2,Spring
20220927,2022-09-27,2022,9,27,3,Autumn
20221109,2022-11-09,2022,11,9,4,Autumn
20241217,2024-12-17,2024,12,17,4,Winter
20170801,2017-08-01,2017,8,1,3,Summer
20200420,2020-04-20,2020,4,20,2,Spring
20220512,2022-05-12,2022,5,12,2,Spring
20220928,2022-09-28,2022,9,28,3,Autumn
20170124,2017-01-24,2017,1,24,1,Winter
20220804,2022-08-04,2022,8,4,3,Summer
20220428,2022-04-28,2022,4,28,2,Spring
20230926,2023-09-26,2023,9,26,3,Autumn
20191220,2019-12-20,2019,12,20,4,Winter
20160622,2016-06-22,2016,6,22,2,Summer
20191005,2019-10-05,2019,10,5,4,Autumn
20170727,2017-07-27,2017,7,27,3,Summer
20150225,2015-02-25,2015,2,25,1,Winter
20160217,2016-02-17,2016,2,17,1,Winter
20121201,2012-12-01,2012,12,1,4,Winter
20161206,2016-12-06,2016,12,6,4,Winter
20090417,2009-04-17,2009,4,17,2,Spring
20130909,2013-09-09,2013,9,9,3,Autumn
20120901,2012-09-01,2012,9,1,3,Autumn
20121206,2012-12-06,2012,12,6,4,Winter
20121211,2012-12-11,2012,12,11,4,Winter
20110809,2011-08-09,2011,8,9,3,Summer
20101206,2010-12-06,2010,12,6,4,Winter
20131210,2013-12-10,2013,12,10,4,Winter
20100222,2010-02-22,2010,2,22,1,Winter
20120117,2012-01-17,2012,1,17,1,Winter
20171205,2017-12-05,2017,12,5,4,Winter
20110905,2011-09-05,2011,9,5,3,Autumn
20131025,2013-10-25,2013,10,25,4,Autumn
20130722,2013-07-22,2013,7,22,3,Summer
20140429,2014-04-29,2014,4,29,2,Spring
20120705,2012-07-05,2012,7,5,3,Summer
20181105,2018-11-05,2018,11,5,4,Autumn
20190326,2019-03-26,2019,3,26,1,Spring
20130124,2013-01-24,2013,1,24,1,Winter
20130723,2013-07-23,2013,7,23,3,Summer
20111114,2011-11-14,2011,11,14,4,Autumn
20130204,2013-02-04,2013,2,4,1,Winter
20120221,2012-02-21,2012,2,21,1,Winter
20121210,2012-12-10,2012,12,10,4,Winter
20181230,2018-12-30,2018,12,30,4,Winter
20120224,2012-02-24,2012,2,24,1,Winter
20060915,2006-09-15,2006,9,15,3,Autumn
20120208,2012-02-08,2012,2,8,1,Winter
20210518,2021-05-18,2021,5,18,2,Spring
20190626,2019-06-26,2019,6,26,2,Summer
20230420,2023-04-20,2023,4,20,2,Spring
20060822,2006-08-22,2006,8,22,3,Summer
20191215,2019-12-15,2019,12,15,4,Winter
20210619,2021-06-19,2021,6,19,2,Summer
20090920,2009-09-20,2009,9,20,3,Autumn
20121200,2012-12-01,2012,12,0,4,Winter
20241121,2024-11-21,2024,11,21,4,Autumn
20191212,2019-12-12,2019,12,12,4,Winter
20151229,2015-12-29,2015,12,29,4,Winter
20120330,2012-03-30,2012,3,30,1,Spring
20240418,2024-04-18,2024,4,18,2,Spring
20121029,2012-10-29,2012,10,29,4,Autumn
20171016,2017-10-16,2017,10,16,4,Autumn
20231026,2023-10-26,2023,10,26,4,Autumn
20160101,2016-01-01,2016,1,1,1,Winter
20110213,2011-02-13,2011,2,13,1,Winter
20131203,2013-12-03,2013,12,3,4,Winter
20120507,2012-05-07,2012,5,7,2,Spring
20190427,2019-04-27,2019,4,27,2,Spring
20040519,2004-05-19,2004,5,19,2,Spring
20160311,2016-03-11,2016,3,11,1,Spring
20070622,2007-06-22,2007,6,22,2,Summer
20041100,2004-11-01,2004,11,0,4,Autumn
20210215,2021-02-15,2021,2,15,1,Winter
20120831,2012-08-31,2012,8,31,3,Summer
20140415,2014-04-15,2014,4,15,2,Spring
20160212,2016-02-12,2016,2,12,1,Winter
20121002,2012-10-02,2012,10,2,4,Autumn
20181213,2018-12-13,2018,12,13,4,Winter
20110813,2011-08-13,2011,8,13,3,Summer
20080711,2008-07-11,2008,7,11,3,Summer
20070414,2007-04-14,2007,4,14,2,Spring
20140311,2014-03-11,2014,3,11,1,Spring
20160702,2016-07-02,2016,7,2,3,Summer
20060721,2006-07-21,2006,7,21,3,Summer
20220616,2022-06-16,2022,6,16,2,Summer
20100127,2010-01-27,2010,1,27,1,Winter
20091201,2009-12-01,2009,12,1,4,Winter
20131112,2013-11-12,2013,11,12,4,Autumn
20160701,2016-07-01,2016,7,1,3,Summer
20150714,2015-07-14,2015,7,14,3,Summer
20101125,2010-11-25,2010,11,25,4,Autumn
20091213,2009-12-13,2009,12,13,4,Winter
20110104,2011-01-04,2011,1,4,1,Winter
20110117,2011-01-17,2011,1,17,1,Winter
20130118,2013-01-18,2013,1,18,1,Winter
20110125,2011-01-25,2011,1,25,1,Winter
20121224,2012-12-24,2012,12,24,4,Winter
20080830,2008-08-30,2008,8,30,3,Summer
20120413,2012-04-13,2012,4,13,2,Spring
20100601,2010-06-01,2010,6,1,2,Summer
20100514,2010-05-14,2010,5,14,2,Spring
20090407,2009-04-07,2009,4,7,2,Spring
20060918,2006-09-18,2006,9,18,3,Autumn
20201111,2020-11-11,2020,11,11,4,Autumn
20130426,2013-04-26,2013,4,26,2,Spring
20091024,2009-10-24,2009,10,24,4,Autumn
20070707,2007-07-07,2007,7,7,3,Summer
20111213,2011-12-13,2011,12,13,4,Winter
20100202,2010-02-02,2010,2,2,1,Winter
20140305,2014-03-05,2014,3,5,1,Spring
20100614,2010-06-14,2010,6,14,2,Summer
20130327,2013-03-27,2013,3,27,1,Spring
20050401,2005-04-01,2005,4,1,2,Spring
20190604,2019-06-04,2019,6,4,2,Summer
20150324,2015-03-24,2015,3,24,1,Spring
20150415,2015-04-15,2015,4,15,2,Spring
20150503,2015-05-03,2015,5,3,2,Spring
20170612,2017-06-12,2017,6,12,2,Summer
20170905,2017-09-05,2017,9,5,3,Autumn
20170725,2017-07-25,2017,7,25,3,Summer
20150305,2015-03-05,2015,3,5,1,Spring
20240719,2024-07-19,2024,7,19,3,Summer
20120504,2012-05-04,2012,5,4,2,Spring
20150915,2015-09-15,2015,9,15,3,Autumn
20130617,2013-06-17,2013,6,17,2,Summer
20130305,2013-03-05,2013,3,5,1,Spring
20240918,2024-09-18,2024,9,18,3,Autumn
20210526,2021-05-26,2021,5,26,2,Spring
20240921,2024-09-21,2024,9,21,3,Autumn
20120921,2012-09-21,2012,9,21,3,Autumn
20110205,2011-02-05,2011,2,5,1,Winter
20140930,2014-09-30,2014,9,30,3,Autumn
20211102,2021-11-02,2021,11,2,4,Autumn
20250215,2025-02-15,2025,2,15,1,Winter
20140917,2014-09-17,2014,9,17,3,Autumn
20230525,2023-05-25,2023,5,25,2,Spring
20140929,2014-09-29,2014,9,29,3,Autumn
20111130,2011-11-30,2011,11,30,4,Autumn
20110311,2011-03-11,2011,3,11,1,Spring
20111126,2011-11-26,2011,11,26,4,Autumn
20100416,2010-04-16,2010,4,16,2,Spring
20110526,2011-05-26,2011,5,26,2,Spring
20211110,2021-11-10,2021,11,10,4,Autumn
20131220,2013-12-20,2013,12,20,4,Winter
20131125,2013-11-25,2013,11,25,4,Autumn
20071101,2007-11-01,2007,11,1,4,Autumn
20071100,2007-11-01,2007,11,0,4,Autumn
20100719,2010-07-19,2010,7,19,3,Summer
20240000,2024-01-01,2024,0,0,0,Unknown
20141007,2014-10-07,2014,10,7,4,Autumn
20191031,2019-10-31,2019,10,31,4,Autumn
20150120,2015-01-20,2015,1,20,1,Winter
20160111,2016-01-11,2016,1,11,1,Winter
20210309,2021-03-09,2021,3,9,1,Spring
20111031,2011-10-31,2011,10,31,4,Autumn
20200130,2020-01-30,2020,1,30,1,Winter
20080418,2008-04-18,2008,4,18,2,Spring
20140509,2014-05-09,2014,5,9,2,Spring
20100713,2010-07-13,2010,7,13,3,Summer
20150110,2015-01-10,2015,1,10,1,Winter
20081024,2008-10-24,2008,10,24,4,Autumn
20100709,2010-07-09,2010,7,9,3,Summer
20110619,2011-06-19,2011,6,19,2,Summer
20111025,2011-10-25,2011,10,25,4,Autumn
20080600,2008-06-01,2008,6,0,2,Summer
20080901,2008-09-01,2008,9,1,3,Autumn
20100622,2010-06-22,2010,6,22,2,Summer
20051201,2005-12-01,2005,12,1,4,Winter
20091224,2009-12-24,2009,12,24,4,Winter
20110808,2011-08-08,2011,8,8,3,Summer
20110815,2011-08-15,2011,8,15,3,Summer
20110704,2011-07-04,2011,7,4,3,Summer
20110718,2011-07-18,2011,7,18,3,Summer
20111001,2011-10-01,2011,10,1,4,Autumn
20151005,2015-10-05,2015,10,5,4,Autumn
20191029,2019-10-29,2019,10,29,4,Autumn
20140107,2014-01-07,2014,1,7,1,Winter
20151109,2015-11-09,2015,11,9,4,Autumn
